grade,semester,unit,word,phonetic,pos,meaning,difficulty,tags
3,上,Unit1,hello,/həˈləʊ/,int.,你好,1,问候
3,上,Unit1,hi,/haɪ/,int.,嗨；你好,1,问候
3,上,Unit1,goodbye,/ˌɡʊdˈbaɪ/,int.,再见,1,问候
3,上,Unit1,bye,/baɪ/,int.,再见,1,问候
3,上,Unit1,name,/neɪm/,n.,名字,1,问候
3,上,Unit1,my,/maɪ/,pron.,我的,1,代词
3,上,Unit1,your,/jɔː(r)/,pron.,你的；你们的,1,代词
3,上,Unit1,I,/aɪ/,pron.,我,1,代词
3,上,Unit1,you,/juː/,pron.,你；你们,1,代词
3,上,Unit1,friend,/frend/,n.,朋友,1,人物
3,上,Unit1,boy,/bɔɪ/,n.,男孩,1,人物
3,上,Unit1,girl,/ɡɜːl/,n.,女孩,1,人物
3,上,Unit1,teacher,/ˈtiːtʃə(r)/,n.,教师,1,学校
3,上,Unit1,student,/ˈstjuːdnt/,n.,学生,1,学校
3,上,Unit1,Miss,/mɪs/,n.,小姐；女士,1,称呼
3,上,Unit1,Mr,/ˈmɪstə(r)/,n.,先生,1,称呼
3,上,Unit1,good,/ɡʊd/,adj.,好的,1,形容词
3,上,Unit1,morning,/ˈmɔːnɪŋ/,n.,早晨；上午,1,时间
3,上,Unit1,afternoon,/ˌɑːftəˈnuːn/,n.,下午,1,时间
3,上,Unit2,ruler,/ˈruːlə(r)/,n.,尺子,1,文具
3,上,Unit2,pencil,/ˈpensl/,n.,铅笔,1,文具
3,上,Unit2,eraser,/ɪˈreɪzə(r)/,n.,橡皮,1,文具
3,上,Unit2,crayon,/ˈkreɪən/,n.,蜡笔,1,文具
3,上,Unit2,bag,/bæɡ/,n.,书包；袋,1,文具
3,上,Unit2,pen,/pen/,n.,钢笔,1,文具
3,上,Unit2,book,/bʊk/,n.,书,1,学校
3,上,Unit2,sharpener,/ˈʃɑːpnə(r)/,n.,卷笔刀,1,文具
3,上,Unit2,have,/hæv/,v.,有,1,动作
3,上,Unit2,open,/ˈəʊpən/,v.,打开,1,动作
3,上,Unit2,close,/kləʊz/,v.,关闭,1,动作
3,上,Unit2,show,/ʃəʊ/,v.,给……看；展示,1,动作
3,上,Unit3,head,/hed/,n.,头,1,身体
3,上,Unit3,face,/feɪs/,n.,脸,1,身体
3,上,Unit3,nose,/nəʊz/,n.,鼻子,1,身体
3,上,Unit3,mouth,/maʊθ/,n.,嘴,1,身体
3,上,Unit3,eye,/aɪ/,n.,眼睛,1,身体
3,上,Unit3,ear,/ɪə(r)/,n.,耳朵,1,身体
3,上,Unit3,arm,/ɑːm/,n.,胳膊,1,身体
3,上,Unit3,hand,/hænd/,n.,手,1,身体
3,上,Unit3,finger,/ˈfɪŋɡə(r)/,n.,手指,1,身体
3,上,Unit3,leg,/leɡ/,n.,腿,1,身体
3,上,Unit3,foot,/fʊt/,n.,脚,1,身体
3,上,Unit3,body,/ˈbɒdi/,n.,身体,1,身体
3,上,Unit3,touch,/tʌtʃ/,v.,触摸,1,动作
3,上,Unit3,look,/lʊk/,v.,看,1,动作
3,上,Unit4,red,/red/,adj.,红色的,1,颜色
3,上,Unit4,yellow,/ˈjeləʊ/,adj.,黄色的,1,颜色
3,上,Unit4,green,/ɡriːn/,adj.,绿色的,1,颜色
3,上,Unit4,blue,/bluː/,adj.,蓝色的,1,颜色
3,上,Unit4,white,/waɪt/,adj.,白色的,1,颜色
3,上,Unit4,black,/blæk/,adj.,黑色的,1,颜色
3,上,Unit4,orange,/ˈɒrɪndʒ/,adj.,橙色的,1,颜色
3,上,Unit4,brown,/braʊn/,adj.,棕色的,1,颜色
3,上,Unit4,purple,/ˈpɜːpl/,adj.,紫色的,1,颜色
3,上,Unit4,pink,/pɪŋk/,adj.,粉色的,1,颜色
3,上,Unit4,colour,/ˈkʌlə(r)/,n.,颜色,1,颜色
3,上,Unit4,see,/siː/,v.,看见,1,动作
3,上,Unit5,one,/wʌn/,num.,一,1,数字
3,上,Unit5,two,/tuː/,num.,二,1,数字
3,上,Unit5,three,/θriː/,num.,三,1,数字
3,上,Unit5,four,/fɔː(r)/,num.,四,1,数字
3,上,Unit5,five,/faɪv/,num.,五,1,数字
3,上,Unit5,six,/sɪks/,num.,六,1,数字
3,上,Unit5,seven,/ˈsevn/,num.,七,1,数字
3,上,Unit5,eight,/eɪt/,num.,八,1,数字
3,上,Unit5,nine,/naɪn/,num.,九,1,数字
3,上,Unit5,ten,/ten/,num.,十,1,数字
3,上,Unit5,how many,/haʊ ˈmeni/,phr.,多少,1,数字
3,上,Unit6,cat,/kæt/,n.,猫,1,动物
3,上,Unit6,dog,/dɒɡ/,n.,狗,1,动物
3,上,Unit6,duck,/dʌk/,n.,鸭子,1,动物
3,上,Unit6,pig,/pɪɡ/,n.,猪,1,动物
3,上,Unit6,bear,/beə(r)/,n.,熊,1,动物
3,上,Unit6,panda,/ˈpændə/,n.,熊猫,1,动物
3,上,Unit6,monkey,/ˈmʌŋki/,n.,猴子,1,动物
3,上,Unit6,elephant,/ˈelɪfənt/,n.,大象,1,动物
3,上,Unit6,bird,/bɜːd/,n.,鸟,1,动物
3,上,Unit6,tiger,/ˈtaɪɡə(r)/,n.,老虎,1,动物
3,上,Unit6,zoo,/zuː/,n.,动物园,1,场所
3,上,Unit6,funny,/ˈfʌni/,adj.,有趣的；滑稽的,1,形容词
3,下,Unit1,UK,/ˌjuːˈkeɪ/,n.,英国,1,国家
3,下,Unit1,Canada,/ˈkænədə/,n.,加拿大,1,国家
3,下,Unit1,USA,/ˌjuː es ˈeɪ/,n.,美国,1,国家
3,下,Unit1,China,/ˈtʃaɪnə/,n.,中国,1,国家
3,下,Unit1,welcome,/ˈwelkəm/,int.,欢迎,1,问候
3,下,Unit1,family,/ˈfæməli/,n.,家；家庭,1,家庭
3,下,Unit1,father,/ˈfɑːðə(r)/,n.,父亲；爸爸,1,家庭
3,下,Unit1,dad,/dæd/,n.,爸爸,1,家庭
3,下,Unit1,mother,/ˈmʌðə(r)/,n.,母亲；妈妈,1,家庭
3,下,Unit1,mum,/mʌm/,n.,妈妈,1,家庭
3,下,Unit1,man,/mæn/,n.,男人,1,人物
3,下,Unit1,woman,/ˈwʊmən/,n.,女人,1,人物
3,下,Unit1,grandmother,/ˈɡrænmʌðə(r)/,n.,奶奶；外婆,1,家庭
3,下,Unit1,grandma,/ˈɡrænmɑː/,n.,奶奶；外婆,1,家庭
3,下,Unit1,grandfather,/ˈɡrænfɑːðə(r)/,n.,爷爷；外公,1,家庭
3,下,Unit1,grandpa,/ˈɡrænpɑː/,n.,爷爷；外公,1,家庭
3,下,Unit1,sister,/ˈsɪstə(r)/,n.,姐；妹,1,家庭
3,下,Unit1,brother,/ˈbrʌðə(r)/,n.,兄；弟,1,家庭
3,下,Unit2,thin,/θɪn/,adj.,瘦的,1,形容词
3,下,Unit2,fat,/fæt/,adj.,胖的,1,形容词
3,下,Unit2,tall,/tɔːl/,adj.,高的,1,形容词
3,下,Unit2,short,/ʃɔːt/,adj.,矮的；短的,1,形容词
3,下,Unit2,long,/lɒŋ/,adj.,长的,1,形容词
3,下,Unit2,small,/smɔːl/,adj.,小的,1,形容词
3,下,Unit2,big,/bɪɡ/,adj.,大的,1,形容词
3,下,Unit2,giraffe,/dʒəˈrɑːf/,n.,长颈鹿,1,动物
3,下,Unit2,children,/ˈtʃɪldrən/,n.,儿童（复数）,1,人物
3,下,Unit2,tail,/teɪl/,n.,尾巴,1,身体
3,下,Unit3,in,/ɪn/,prep.,在……里面,1,方位
3,下,Unit3,on,/ɒn/,prep.,在……上面,1,方位
3,下,Unit3,under,/ˈʌndə(r)/,prep.,在……下面,1,方位
3,下,Unit3,desk,/desk/,n.,书桌,1,家具
3,下,Unit3,chair,/tʃeə(r)/,n.,椅子,1,家具
3,下,Unit3,cap,/kæp/,n.,帽子,1,衣物
3,下,Unit3,ball,/bɔːl/,n.,球,1,玩具
3,下,Unit3,car,/kɑː(r)/,n.,小汽车,1,交通
3,下,Unit3,boat,/bəʊt/,n.,小船,1,交通
3,下,Unit3,map,/mæp/,n.,地图,1,学校
3,下,Unit3,toy,/tɔɪ/,n.,玩具,1,玩具
3,下,Unit3,box,/bɒks/,n.,盒子,1,物品
3,下,Unit3,where,/weə(r)/,adv.,在哪里,1,疑问词
3,下,Unit4,peach,/piːtʃ/,n.,桃子,1,水果
3,下,Unit4,pear,/peə(r)/,n.,梨,1,水果
3,下,Unit4,apple,/ˈæpl/,n.,苹果,1,水果
3,下,Unit4,banana,/bəˈnɑːnə/,n.,香蕉,1,水果
3,下,Unit4,watermelon,/ˈwɔːtəmelən/,n.,西瓜,1,水果
3,下,Unit4,strawberry,/ˈstrɔːbəri/,n.,草莓,1,水果
3,下,Unit4,grape,/ɡreɪp/,n.,葡萄,1,水果
3,下,Unit4,fruit,/fruːt/,n.,水果,1,食物
3,下,Unit4,like,/laɪk/,v.,喜欢,1,动作
3,下,Unit4,some,/sʌm/,det.,一些,1,数量
3,下,Unit4,please,/pliːz/,int.,请,1,礼貌
3,下,Unit4,thank,/θæŋk/,v.,谢谢,1,礼貌
3,下,Unit5,bus,/bʌs/,n.,公共汽车,1,交通
3,下,Unit5,bike,/baɪk/,n.,自行车,1,交通
3,下,Unit5,taxi,/ˈtæksi/,n.,出租车,1,交通
3,下,Unit5,jeep,/dʒiːp/,n.,吉普车,1,交通
3,下,Unit5,eleven,/ɪˈlevn/,num.,十一,1,数字
3,下,Unit5,twelve,/twelv/,num.,十二,1,数字
3,下,Unit5,thirteen,/ˌθɜːˈtiːn/,num.,十三,1,数字
3,下,Unit5,fourteen,/ˌfɔːˈtiːn/,num.,十四,1,数字
3,下,Unit5,fifteen,/ˌfɪfˈtiːn/,num.,十五,1,数字
3,下,Unit5,sixteen,/ˌsɪksˈtiːn/,num.,十六,1,数字
3,下,Unit5,seventeen,/ˌsevnˈtiːn/,num.,十七,1,数字
3,下,Unit5,eighteen,/ˌeɪˈtiːn/,num.,十八,1,数字
3,下,Unit5,nineteen,/ˌnaɪnˈtiːn/,num.,十九,1,数字
3,下,Unit5,twenty,/ˈtwenti/,num.,二十,1,数字
3,下,Unit6,rainbow,/ˈreɪnbəʊ/,n.,彩虹,1,自然
3,下,Unit6,pick,/pɪk/,v.,采摘,1,动作
3,下,Unit6,draw,/drɔː/,v.,画,1,动作
3,下,Recycle,beautiful,/ˈbjuːtɪfl/,adj.,美丽的,1,形容词
3,下,Recycle,happy,/ˈhæpi/,adj.,高兴的,1,形容词
4,上,Unit1,classroom,/ˈklɑːsruːm/,n.,教室,2,学校
4,上,Unit1,window,/ˈwɪndəʊ/,n.,窗户,2,学校
4,上,Unit1,blackboard,/ˈblækbɔːd/,n.,黑板,2,学校
4,上,Unit1,light,/laɪt/,n.,电灯,2,学校
4,上,Unit1,picture,/ˈpɪktʃə(r)/,n.,图画；照片,2,学校
4,上,Unit1,door,/dɔː(r)/,n.,门,2,学校
4,上,Unit1,floor,/flɔː(r)/,n.,地板,2,学校
4,上,Unit1,wall,/wɔːl/,n.,墙,2,学校
4,上,Unit1,fan,/fæn/,n.,风扇,2,学校
4,上,Unit1,computer,/kəmˈpjuːtə(r)/,n.,计算机,2,学校
4,上,Unit1,clean,/kliːn/,v.,打扫；擦干净,2,动作
4,上,Unit2,schoolbag,/ˈskuːlbæɡ/,n.,书包,2,学校
4,上,Unit2,maths,/mæθs/,n.,数学,2,学科
4,上,Unit2,English,/ˈɪŋɡlɪʃ/,n.,英语,2,学科
4,上,Unit2,Chinese,/ˌtʃaɪˈniːz/,n.,语文；中文,2,学科
4,上,Unit2,story,/ˈstɔːri/,n.,故事,2,学校
4,上,Unit2,candy,/ˈkændi/,n.,糖果,2,食物
4,上,Unit2,notebook,/ˈnəʊtbʊk/,n.,笔记本,2,文具
4,上,Unit2,key,/kiː/,n.,钥匙,2,物品
4,上,Unit2,lost,/lɒst/,adj.,丢失的,2,形容词
4,上,Unit3,strong,/strɒŋ/,adj.,强壮的,2,形容词
4,上,Unit3,friendly,/ˈfrendli/,adj.,友好的,2,形容词
4,上,Unit3,quiet,/ˈkwaɪət/,adj.,安静的,2,形容词
4,上,Unit3,hair,/heə(r)/,n.,头发,2,身体
4,上,Unit3,shoe,/ʃuː/,n.,鞋,2,衣物
4,上,Unit3,glasses,/ˈɡlɑːsɪz/,n.,眼镜,2,衣物
4,上,Unit3,his,/hɪz/,pron.,他的,2,代词
4,上,Unit3,her,/hɜː(r)/,pron.,她的,2,代词
4,上,Unit3,right,/raɪt/,adj.,正确的,2,形容词
4,上,Unit3,hat,/hæt/,n.,帽子,2,衣物
4,上,Unit4,bedroom,/ˈbedruːm/,n.,卧室,2,家庭
4,上,Unit4,living room,/ˈlɪvɪŋ ruːm/,n.,客厅,2,家庭
4,上,Unit4,study,/ˈstʌdi/,n.,书房,2,家庭
4,上,Unit4,kitchen,/ˈkɪtʃɪn/,n.,厨房,2,家庭
4,上,Unit4,bathroom,/ˈbɑːθruːm/,n.,浴室；卫生间,2,家庭
4,上,Unit4,bed,/bed/,n.,床,2,家具
4,上,Unit4,phone,/fəʊn/,n.,电话,2,家具
4,上,Unit4,table,/ˈteɪbl/,n.,桌子,2,家具
4,上,Unit4,sofa,/ˈsəʊfə/,n.,沙发,2,家具
4,上,Unit4,fridge,/frɪdʒ/,n.,冰箱,2,家具
4,上,Unit4,home,/həʊm/,n.,家,2,家庭
4,上,Unit4,room,/ruːm/,n.,房间,2,家庭
4,上,Unit5,beef,/biːf/,n.,牛肉,2,食物
4,上,Unit5,chicken,/ˈtʃɪkɪn/,n.,鸡肉,2,食物
4,上,Unit5,noodles,/ˈnuːdlz/,n.,面条,2,食物
4,上,Unit5,soup,/suːp/,n.,汤,2,食物
4,上,Unit5,vegetable,/ˈvedʒtəbl/,n.,蔬菜,2,食物
4,上,Unit5,chopsticks,/ˈtʃɒpstɪks/,n.,筷子,2,餐具
4,上,Unit5,bowl,/bəʊl/,n.,碗,2,餐具
4,上,Unit5,fork,/fɔːk/,n.,餐叉,2,餐具
4,上,Unit5,knife,/naɪf/,n.,刀,2,餐具
4,上,Unit5,spoon,/spuːn/,n.,勺,2,餐具
4,上,Unit5,dinner,/ˈdɪnə(r)/,n.,正餐；晚餐,2,食物
4,上,Unit5,breakfast,/ˈbrekfəst/,n.,早餐,2,食物
4,上,Unit5,lunch,/lʌntʃ/,n.,午餐,2,食物
4,上,Unit5,hungry,/ˈhʌŋɡri/,adj.,饥饿的,2,形容词
4,上,Unit5,eat,/iːt/,v.,吃,2,动作
4,上,Unit5,drink,/drɪŋk/,v.,喝,2,动作
4,上,Unit6,parents,/ˈpeərənts/,n.,父母,2,家庭
4,上,Unit6,cousin,/ˈkʌzn/,n.,同辈表亲,2,家庭
4,上,Unit6,uncle,/ˈʌŋkl/,n.,舅父；叔父,2,家庭
4,上,Unit6,aunt,/ɑːnt/,n.,姑母；姨母,2,家庭
4,上,Unit6,baby,/ˈbeɪbi/,n.,婴儿,2,家庭
4,上,Unit6,doctor,/ˈdɒktə(r)/,n.,医生,2,职业
4,上,Unit6,cook,/kʊk/,n.,厨师,2,职业
4,上,Unit6,driver,/ˈdraɪvə(r)/,n.,司机,2,职业
4,上,Unit6,farmer,/ˈfɑːmə(r)/,n.,农民,2,职业
4,上,Unit6,nurse,/nɜːs/,n.,护士,2,职业
4,上,Unit6,people,/ˈpiːpl/,n.,人们,2,人物
4,上,Unit6,but,/bʌt/,conj.,但是,2,连词
4,上,Unit6,little,/ˈlɪtl/,adj.,小的；年幼的,2,形容词
4,上,Unit6,puppy,/ˈpʌpi/,n.,小狗,2,动物
4,下,Unit1,first floor,/fɜːst flɔː/,phr.,一楼,2,学校
4,下,Unit1,second floor,/ˈsekənd flɔː/,phr.,二楼,2,学校
4,下,Unit1,library,/ˈlaɪbrəri/,n.,图书馆,2,场所
4,下,Unit1,playground,/ˈpleɪɡraʊnd/,n.,操场,2,学校
4,下,Unit1,next to,/nekst tuː/,prep.,紧挨着,2,方位
4,下,Unit1,homework,/ˈhəʊmwɜːk/,n.,作业,2,学校
4,下,Unit1,class,/klɑːs/,n.,班级；课,2,学校
4,下,Unit1,forty,/ˈfɔːti/,num.,四十,2,数字
4,下,Unit1,way,/weɪ/,n.,路；方向,2,方位
4,下,Unit2,o'clock,/əˈklɒk/,adv.,……点钟,2,时间
4,下,Unit2,kid,/kɪd/,n.,小孩,2,人物
4,下,Unit2,thirty,/ˈθɜːti/,num.,三十,2,数字
4,下,Unit2,hurry,/ˈhʌri/,v.,匆忙,2,动作
4,下,Unit2,just,/dʒʌst/,adv.,只是；恰好,2,副词
4,下,Unit2,now,/naʊ/,adv.,现在,2,时间
4,下,Unit3,cold,/kəʊld/,adj.,寒冷的,2,天气
4,下,Unit3,cool,/kuːl/,adj.,凉爽的,2,天气
4,下,Unit3,warm,/wɔːm/,adj.,温暖的,2,天气
4,下,Unit3,hot,/hɒt/,adj.,炎热的,2,天气
4,下,Unit3,sunny,/ˈsʌni/,adj.,阳光充足的,2,天气
4,下,Unit3,windy,/ˈwɪndi/,adj.,多风的,2,天气
4,下,Unit3,cloudy,/ˈklaʊdi/,adj.,多云的,2,天气
4,下,Unit3,rainy,/ˈreɪni/,adj.,多雨的,2,天气
4,下,Unit3,snowy,/ˈsnəʊi/,adj.,下雪的,2,天气
4,下,Unit3,weather,/ˈweðə(r)/,n.,天气,2,天气
4,下,Unit3,world,/wɜːld/,n.,世界,2,自然
4,下,Unit3,love,/lʌv/,v.,爱,2,动作
4,下,Unit3,outside,/ˌaʊtˈsaɪd/,adv.,在外面,2,方位
4,下,Unit4,tomato,/təˈmɑːtəʊ/,n.,西红柿,2,食物
4,下,Unit4,potato,/pəˈteɪtəʊ/,n.,土豆,2,食物
4,下,Unit4,carrot,/ˈkærət/,n.,胡萝卜,2,食物
4,下,Unit4,horse,/hɔːs/,n.,马,2,动物
4,下,Unit4,cow,/kaʊ/,n.,母牛；奶牛,2,动物
4,下,Unit4,sheep,/ʃiːp/,n.,绵羊,2,动物
4,下,Unit4,hen,/hen/,n.,母鸡,2,动物
4,下,Unit4,these,/ðiːz/,pron.,这些,2,代词
4,下,Unit4,those,/ðəʊz/,pron.,那些,2,代词
4,下,Unit4,animal,/ˈænɪml/,n.,动物,2,动物
4,下,Unit4,farm,/fɑːm/,n.,农场,2,场所
4,下,Unit4,goat,/ɡəʊt/,n.,山羊,2,动物
4,下,Unit4,lamb,/læm/,n.,小羊；羊羔,2,动物
4,下,Unit5,glove,/ɡlʌv/,n.,手套,2,衣物
4,下,Unit5,scarf,/skɑːf/,n.,围巾,2,衣物
4,下,Unit5,umbrella,/ʌmˈbrelə/,n.,雨伞,2,衣物
4,下,Unit5,sunglasses,/ˈsʌnɡlɑːsɪz/,n.,太阳镜,2,衣物
4,下,Unit5,size,/saɪz/,n.,尺码,2,衣物
4,下,Unit5,try,/traɪ/,v.,试穿,2,动作
4,下,Unit5,expensive,/ɪkˈspensɪv/,adj.,昂贵的,2,形容词
4,下,Unit5,cheap,/tʃiːp/,adj.,便宜的,2,形容词
4,下,Unit5,nice,/naɪs/,adj.,美好的,2,形容词
4,下,Unit5,shirt,/ʃɜːt/,n.,衬衫,2,衣物
4,下,Unit5,skirt,/skɜːt/,n.,女裙,2,衣物
4,下,Unit5,dress,/dres/,n.,连衣裙,2,衣物
4,下,Unit5,jacket,/ˈdʒækɪt/,n.,夹克衫,2,衣物
4,下,Unit5,sweater,/ˈswetə(r)/,n.,毛衣,2,衣物
4,下,Unit5,sock,/sɒk/,n.,短袜,2,衣物
4,下,Unit5,shorts,/ʃɔːts/,n.,短裤,2,衣物
4,下,Unit5,pants,/pænts/,n.,裤子,2,衣物
4,下,Unit5,jeans,/dʒiːnz/,n.,牛仔裤,2,衣物
4,下,Unit6,pretty,/ˈprɪti/,adj.,漂亮的,2,形容词
4,下,Unit6,colourful,/ˈkʌləfl/,adj.,色彩丰富的,2,形容词
4,下,Recycle,spring,/sprɪŋ/,n.,春天,2,季节
4,下,Recycle,summer,/ˈsʌmə(r)/,n.,夏天,2,季节
4,下,Recycle,autumn,/ˈɔːtəm/,n.,秋天,2,季节
4,下,Recycle,winter,/ˈwɪntə(r)/,n.,冬天,2,季节
4,下,Recycle,season,/ˈsiːzn/,n.,季节,2,季节
4,下,Recycle,year,/jɪə(r)/,n.,年,2,时间
4,下,Recycle,month,/mʌnθ/,n.,月份,2,时间
4,下,Recycle,week,/wiːk/,n.,星期；周,2,时间
4,下,Recycle,day,/deɪ/,n.,天；日,2,时间
4,下,Recycle,today,/təˈdeɪ/,n.,今天,2,时间
4,下,Recycle,tomorrow,/təˈmɒrəʊ/,n.,明天,2,时间
4,下,Recycle,yesterday,/ˈjestədeɪ/,n.,昨天,2,时间
5,上,Unit1,old,/əʊld/,adj.,年老的,3,形容词
5,上,Unit1,young,/jʌŋ/,adj.,年轻的,3,形容词
5,上,Unit1,kind,/kaɪnd/,adj.,和蔼的,3,形容词
5,上,Unit1,strict,/strɪkt/,adj.,严格的,3,形容词
5,上,Unit1,polite,/pəˈlaɪt/,adj.,有礼貌的,3,形容词
5,上,Unit1,helpful,/ˈhelpfl/,adj.,有帮助的,3,形容词
5,上,Unit1,clever,/ˈklevə(r)/,adj.,聪明的,3,形容词
5,上,Unit1,shy,/ʃaɪ/,adj.,害羞的,3,形容词
5,上,Unit1,know,/nəʊ/,v.,知道,3,动作
5,上,Unit1,our,/ˈaʊə(r)/,pron.,我们的,3,代词
5,上,Unit1,will,/wɪl/,v.,将要,3,助动词
5,上,Unit1,sometimes,/ˈsʌmtaɪmz/,adv.,有时,3,副词
5,上,Unit1,robot,/ˈrəʊbɒt/,n.,机器人,3,科技
5,上,Unit2,Monday,/ˈmʌndeɪ/,n.,星期一,3,星期
5,上,Unit2,Tuesday,/ˈtjuːzdeɪ/,n.,星期二,3,星期
5,上,Unit2,Wednesday,/ˈwenzdeɪ/,n.,星期三,3,星期
5,上,Unit2,Thursday,/ˈθɜːzdeɪ/,n.,星期四,3,星期
5,上,Unit2,Friday,/ˈfraɪdeɪ/,n.,星期五,3,星期
5,上,Unit2,Saturday,/ˈsætədeɪ/,n.,星期六,3,星期
5,上,Unit2,Sunday,/ˈsʌndeɪ/,n.,星期日,3,星期
5,上,Unit2,weekend,/ˌwiːkˈend/,n.,周末,3,时间
5,上,Unit2,wash,/wɒʃ/,v.,洗,3,动作
5,上,Unit2,watch,/wɒtʃ/,v.,观看,3,动作
5,上,Unit2,read,/riːd/,v.,读,3,动作
5,上,Unit2,play,/pleɪ/,v.,玩；踢,3,动作
5,上,Unit2,often,/ˈɒfn/,adv.,常常,3,副词
5,上,Unit2,usually,/ˈjuːʒuəli/,adv.,通常,3,副词
5,上,Unit3,sandwich,/ˈsænwɪtʃ/,n.,三明治,3,食物
5,上,Unit3,salad,/ˈsæləd/,n.,沙拉,3,食物
5,上,Unit3,hamburger,/ˈhæmbɜːɡə(r)/,n.,汉堡包,3,食物
5,上,Unit3,tea,/tiː/,n.,茶,3,饮料
5,上,Unit3,fresh,/freʃ/,adj.,新鲜的,3,形容词
5,上,Unit3,healthy,/ˈhelθi/,adj.,健康的,3,形容词
5,上,Unit3,delicious,/dɪˈlɪʃəs/,adj.,美味的,3,形容词
5,上,Unit3,sweet,/swiːt/,adj.,甜的,3,形容词
5,上,Unit3,favourite,/ˈfeɪvərɪt/,adj.,最喜爱的,3,形容词
5,上,Unit3,food,/fuːd/,n.,食物,3,食物
5,上,Unit3,thirsty,/ˈθɜːsti/,adj.,渴的,3,形容词
5,上,Unit4,sing,/sɪŋ/,v.,唱,3,动作
5,上,Unit4,song,/sɒŋ/,n.,歌曲,3,音乐
5,上,Unit4,dance,/dɑːns/,v.,跳舞,3,动作
5,上,Unit4,cartoon,/kɑːˈtuːn/,n.,漫画；动画片,3,娱乐
5,上,Unit4,swim,/swɪm/,v.,游泳,3,动作
5,上,Unit4,party,/ˈpɑːti/,n.,聚会,3,活动
5,上,Unit4,wonderful,/ˈwʌndəfl/,adj.,极好的,3,形容词
5,上,Unit4,learn,/lɜːn/,v.,学习,3,动作
5,上,Unit4,any,/ˈeni/,det.,任何的,3,数量
5,上,Unit4,problem,/ˈprɒbləm/,n.,问题,3,常用词
5,上,Unit5,clock,/klɒk/,n.,时钟,3,家具
5,上,Unit5,plant,/plɑːnt/,n.,植物,3,自然
5,上,Unit5,bottle,/ˈbɒtl/,n.,瓶子,3,物品
5,上,Unit5,photo,/ˈfəʊtəʊ/,n.,照片,3,物品
5,上,Unit5,front,/frʌnt/,n.,正面,3,方位
5,上,Unit5,between,/bɪˈtwiːn/,prep.,在……之间,3,方位
5,上,Unit5,above,/əˈbʌv/,prep.,在……上面,3,方位
5,上,Unit5,behind,/bɪˈhaɪnd/,prep.,在……后面,3,方位
5,上,Unit5,beside,/bɪˈsaɪd/,prep.,在……旁边,3,方位
5,上,Unit5,there,/ðeə(r)/,adv.,在那里,3,方位
5,上,Unit5,here,/hɪə(r)/,adv.,在这里,3,方位
5,上,Unit5,house,/haʊs/,n.,房子,3,家庭
5,上,Unit5,dirty,/ˈdɜːti/,adj.,脏的,3,形容词
5,上,Unit6,nature,/ˈneɪtʃə(r)/,n.,自然,3,自然
5,上,Unit6,forest,/ˈfɒrɪst/,n.,森林,3,自然
5,上,Unit6,river,/ˈrɪvə(r)/,n.,河流,3,自然
5,上,Unit6,lake,/leɪk/,n.,湖泊,3,自然
5,上,Unit6,mountain,/ˈmaʊntən/,n.,高山,3,自然
5,上,Unit6,hill,/hɪl/,n.,小山,3,自然
5,上,Unit6,tree,/triː/,n.,树,3,自然
5,上,Unit6,bridge,/brɪdʒ/,n.,桥,3,自然
5,上,Unit6,building,/ˈbɪldɪŋ/,n.,建筑物,3,场所
5,上,Unit6,village,/ˈvɪlɪdʒ/,n.,村庄,3,场所
5,上,Recycle,take,/teɪk/,v.,取；带,3,动作
5,上,Recycle,dancing,/ˈdɑːnsɪŋ/,n.,跳舞,3,活动
5,下,Unit1,when,/wen/,adv.,什么时候,3,疑问词
5,下,Unit1,after,/ˈɑːftə(r)/,prep.,在……之后,3,方位
5,下,Unit1,start,/stɑːt/,v.,开始,3,动作
5,下,Unit1,late,/leɪt/,adv.,晚,3,副词
5,下,Unit1,why,/waɪ/,adv.,为什么,3,疑问词
5,下,Unit1,shop,/ʃɒp/,v.,购物,3,动作
5,下,Unit1,also,/ˈɔːlsəʊ/,adv.,也,3,副词
5,下,Unit2,which,/wɪtʃ/,pron.,哪一个,3,疑问词
5,下,Unit2,best,/best/,adv.,最,3,副词
5,下,Unit2,snowman,/ˈsnəʊmæn/,n.,雪人,3,自然
5,下,Unit2,because,/bɪˈkɒz/,conj.,因为,3,连词
5,下,Unit2,vacation,/vəˈkeɪʃn/,n.,假期,3,时间
5,下,Unit3,January,/ˈdʒænjuəri/,n.,一月,3,月份
5,下,Unit3,February,/ˈfebruəri/,n.,二月,3,月份
5,下,Unit3,March,/mɑːtʃ/,n.,三月,3,月份
5,下,Unit3,April,/ˈeɪprəl/,n.,四月,3,月份
5,下,Unit3,May,/meɪ/,n.,五月,3,月份
5,下,Unit3,June,/dʒuːn/,n.,六月,3,月份
5,下,Unit3,July,/dʒuˈlaɪ/,n.,七月,3,月份
5,下,Unit3,August,/ˈɔːɡəst/,n.,八月,3,月份
5,下,Unit3,September,/sepˈtembə(r)/,n.,九月,3,月份
5,下,Unit3,October,/ɒkˈtəʊbə(r)/,n.,十月,3,月份
5,下,Unit3,November,/nəʊˈvembə(r)/,n.,十一月,3,月份
5,下,Unit3,December,/dɪˈsembə(r)/,n.,十二月,3,月份
5,下,Unit3,few,/fjuː/,det.,几个,3,数量
5,下,Unit3,thing,/θɪŋ/,n.,事情；东西,3,常用词
5,下,Unit3,meet,/miːt/,v.,集会；见面,3,动作
5,下,Unit3,trip,/trɪp/,n.,旅行,3,旅行
5,下,Unit4,first,/fɜːst/,num.,第一,3,数字
5,下,Unit4,second,/ˈsekənd/,num.,第二,3,数字
5,下,Unit4,third,/θɜːd/,num.,第三,3,数字
5,下,Unit4,fourth,/fɔːθ/,num.,第四,3,数字
5,下,Unit4,fifth,/fɪfθ/,num.,第五,3,数字
5,下,Unit4,twelfth,/twelfθ/,num.,第十二,3,数字
5,下,Unit4,twentieth,/ˈtwentiəθ/,num.,第二十,3,数字
5,下,Unit4,special,/ˈspeʃl/,adj.,特殊的,3,形容词
5,下,Unit4,kitten,/ˈkɪtn/,n.,小猫,3,动物
5,下,Unit4,diary,/ˈdaɪəri/,n.,日记,3,学校
5,下,Unit4,still,/stɪl/,adv.,仍然,3,副词
5,下,Unit4,noise,/nɔɪz/,n.,声音,3,常用词
5,下,Unit5,climbing,/ˈklaɪmɪŋ/,adj.,（正在）爬,3,动作
5,下,Unit5,sleeping,/ˈsliːpɪŋ/,adj.,（正在）睡觉,3,动作
5,下,Unit5,mine,/maɪn/,pron.,我的,3,代词
5,下,Unit5,yours,/jɔːz/,pron.,你的,3,代词
5,下,Unit5,hers,/hɜːz/,pron.,她的,3,代词
5,下,Unit5,theirs,/ðeəz/,pron.,他们的,3,代词
5,下,Unit5,ours,/ˈaʊəz/,pron.,我们的,3,代词
5,下,Unit5,rabbit,/ˈræbɪt/,n.,兔子,3,动物
5,下,Unit5,excited,/ɪkˈsaɪtɪd/,adj.,兴奋的,3,形容词
5,下,Unit6,talk,/tɔːk/,v.,讲话,3,动作
5,下,Unit6,quietly,/ˈkwaɪətli/,adv.,安静地,3,副词
5,下,Unit6,keep,/kiːp/,v.,保持,3,动作
5,下,Recycle,climb,/klaɪm/,v.,爬,3,动作
5,下,Recycle,run,/rʌn/,v.,跑,3,动作
5,下,Recycle,jump,/dʒʌmp/,v.,跳,3,动作
5,下,Recycle,walk,/wɔːk/,v.,走,3,动作
5,下,Recycle,fly,/flaɪ/,v.,飞,3,动作
6,上,Unit1,plane,/pleɪn/,n.,飞机,4,交通
6,上,Unit1,ship,/ʃɪp/,n.,（大）船,4,交通
6,上,Unit1,subway,/ˈsʌbweɪ/,n.,地铁,4,交通
6,上,Unit1,train,/treɪn/,n.,火车,4,交通
6,上,Unit1,slow,/sləʊ/,adj.,慢的,4,形容词
6,上,Unit1,fast,/fɑːst/,adj.,快的,4,形容词
6,上,Unit1,stop,/stɒp/,v.,停下,4,动作
6,上,Unit1,wait,/weɪt/,v.,等,4,动作
6,上,Unit1,traffic,/ˈtræfɪk/,n.,交通,4,交通
6,上,Unit1,go,/ɡəʊ/,v.,去,4,动作
6,上,Unit2,crossing,/ˈkrɒsɪŋ/,n.,十字路口,4,交通
6,上,Unit2,turn,/tɜːn/,v.,转弯,4,动作
6,上,Unit2,left,/left/,n.,左,4,方位
6,上,Unit2,straight,/streɪt/,adv.,笔直地,4,副词
6,上,Unit2,far,/fɑː(r)/,adv.,远,4,副词
6,上,Unit2,near,/nɪə(r)/,adj.,近的,4,形容词
6,上,Unit2,cinema,/ˈsɪnəmə/,n.,电影院,4,场所
6,上,Unit2,bookstore,/ˈbʊkstɔː(r)/,n.,书店,4,场所
6,上,Unit2,hospital,/ˈhɒspɪtl/,n.,医院,4,场所
6,上,Unit2,museum,/mjuˈziːəm/,n.,博物馆,4,场所
6,上,Unit2,science,/ˈsaɪəns/,n.,科学,4,学科
6,上,Unit3,visit,/ˈvɪzɪt/,v.,拜访,4,动作
6,上,Unit3,film,/fɪlm/,n.,电影,4,娱乐
6,上,Unit3,tonight,/təˈnaɪt/,adv.,今晚,4,时间
6,上,Unit3,dictionary,/ˈdɪkʃənri/,n.,词典,4,学校
6,上,Unit3,comic,/ˈkɒmɪk/,n.,漫画,4,娱乐
6,上,Unit3,postcard,/ˈpəʊstkɑːd/,n.,明信片,4,物品
6,上,Unit3,lesson,/ˈlesn/,n.,课,4,学校
6,上,Unit3,space,/speɪs/,n.,太空,4,科技
6,上,Unit3,travel,/ˈtrævl/,v.,旅行,4,旅行
6,上,Unit4,hobby,/ˈhɒbi/,n.,爱好,4,爱好
6,上,Unit4,singing,/ˈsɪŋɪŋ/,n.,唱歌,4,爱好
6,上,Unit4,puzzle,/ˈpʌzl/,n.,谜题,4,爱好
6,上,Unit4,hiking,/ˈhaɪkɪŋ/,n.,远足,4,运动
6,上,Unit4,fishing,/ˈfɪʃɪŋ/,n.,钓鱼,4,爱好
6,上,Unit4,skating,/ˈskeɪtɪŋ/,n.,滑冰,4,运动
6,上,Unit4,painting,/ˈpeɪntɪŋ/,n.,绘画,4,爱好
6,上,Unit4,cooking,/ˈkʊkɪŋ/,n.,烹饪,4,爱好
6,上,Unit5,factory,/ˈfæktri/,n.,工厂,4,职业
6,上,Unit5,worker,/ˈwɜːkə(r)/,n.,工人,4,职业
6,上,Unit5,postman,/ˈpəʊstmən/,n.,邮递员,4,职业
6,上,Unit5,businessman,/ˈbɪznəsmən/,n.,商人,4,职业
6,上,Unit5,fisherman,/ˈfɪʃəmən/,n.,渔民,4,职业
6,上,Unit5,scientist,/ˈsaɪəntɪst/,n.,科学家,4,职业
6,上,Unit5,pilot,/ˈpaɪlət/,n.,飞行员,4,职业
6,上,Unit5,coach,/kəʊtʃ/,n.,教练,4,职业
6,上,Unit5,reporter,/rɪˈpɔːtə(r)/,n.,记者,4,职业
6,上,Unit5,work,/wɜːk/,v.,工作,4,动作
6,上,Unit5,job,/dʒɒb/,n.,工作,4,职业
6,上,Unit6,angry,/ˈæŋɡri/,adj.,生气的,4,情感
6,上,Unit6,afraid,/əˈfreɪd/,adj.,害怕的,4,情感
6,上,Unit6,sad,/sæd/,adj.,伤心的,4,情感
6,上,Unit6,worried,/ˈwʌrid/,adj.,担心的,4,情感
6,上,Unit6,ill,/ɪl/,adj.,生病的,4,健康
6,上,Unit6,wrong,/rɒŋ/,adj.,错误的,4,形容词
6,上,Unit6,wear,/weə(r)/,v.,穿,4,动作
6,上,Unit6,grass,/ɡrɑːs/,n.,草地,4,自然
6,上,Unit6,hear,/hɪə(r)/,v.,听见,4,动作
6,上,Unit6,count,/kaʊnt/,v.,数数,4,动作
6,上,Unit6,chase,/tʃeɪs/,v.,追赶,4,动作
6,上,Recycle,bored,/bɔːd/,adj.,无聊的,4,情感
6,上,Recycle,tired,/ˈtaɪəd/,adj.,累的,4,情感
6,下,Unit1,younger,/ˈjʌŋɡə(r)/,adj.,更年轻的,4,形容词
6,下,Unit1,older,/ˈəʊldə(r)/,adj.,更年长的,4,形容词
6,下,Unit1,taller,/ˈtɔːlə(r)/,adj.,更高的,4,形容词
6,下,Unit1,shorter,/ˈʃɔːtə(r)/,adj.,更矮的；更短的,4,形容词
6,下,Unit1,longer,/ˈlɒŋɡə(r)/,adj.,更长的,4,形容词
6,下,Unit1,thinner,/ˈθɪnə(r)/,adj.,更瘦的,4,形容词
6,下,Unit1,heavier,/ˈheviə(r)/,adj.,更重的,4,形容词
6,下,Unit1,bigger,/ˈbɪɡə(r)/,adj.,更大的,4,形容词
6,下,Unit1,smaller,/ˈsmɔːlə(r)/,adj.,更小的,4,形容词
6,下,Unit1,stronger,/ˈstrɒŋɡə(r)/,adj.,更强壮的,4,形容词
6,下,Unit1,dinosaur,/ˈdaɪnəsɔː(r)/,n.,恐龙,4,动物
6,下,Unit1,hall,/hɔːl/,n.,大厅,4,场所
6,下,Unit1,meter,/ˈmiːtə(r)/,n.,米,4,度量
6,下,Unit1,than,/ðæn/,conj.,比,4,连词
6,下,Unit1,both,/bəʊθ/,pron.,两个都,4,代词
6,下,Unit1,kilogram,/ˈkɪləɡræm/,n.,千克,4,度量
6,下,Unit2,cleaned,/kliːnd/,v.,打扫（过去式）,4,动作
6,下,Unit2,stayed,/steɪd/,v.,待（过去式）,4,动作
6,下,Unit2,washed,/wɒʃt/,v.,洗（过去式）,4,动作
6,下,Unit2,watched,/wɒtʃt/,v.,观看（过去式）,4,动作
6,下,Unit2,drank,/dræŋk/,v.,喝（过去式）,4,动作
6,下,Unit2,had,/hæd/,v.,得病；吃（have的过去式）,4,动作
6,下,Unit2,slept,/slept/,v.,睡觉（过去式）,4,动作
6,下,Unit2,saw,/sɔː/,v.,看见（过去式）,4,动作
6,下,Unit2,last,/lɑːst/,adj.,最近过去的,4,时间
6,下,Unit2,before,/bɪˈfɔː(r)/,prep.,在……以前,4,方位
6,下,Unit3,went,/went/,v.,去（过去式）,4,动作
6,下,Unit3,camp,/kæmp/,v.,野营,4,活动
6,下,Unit3,fish,/fɪʃ/,v.,钓鱼,4,活动
6,下,Unit3,rode,/rəʊd/,v.,骑（过去式）,4,动作
6,下,Unit3,hurt,/hɜːt/,v.,受伤（过去式）,4,动作
6,下,Unit3,ate,/eɪt/,v.,吃（过去式）,4,动作
6,下,Unit3,took,/tʊk/,v.,拍照（过去式）,4,动作
6,下,Unit3,bought,/bɔːt/,v.,买（过去式）,4,动作
6,下,Unit3,gift,/ɡɪft/,n.,礼物,4,物品
6,下,Unit3,fell,/fel/,v.,摔倒（过去式）,4,动作
6,下,Unit3,off,/ɒf/,prep.,从……掉下,4,方位
6,下,Unit3,mule,/mjuːl/,n.,骡子,4,动物
6,下,Unit3,could,/kʊd/,v.,能够（can的过去式）,4,助动词
6,下,Unit3,until,/ənˈtɪl/,prep.,直到,4,连词
6,下,Unit4,gym,/dʒɪm/,n.,体育馆,4,场所
6,下,Unit4,ago,/əˈɡəʊ/,adv.,以前,4,时间
6,下,Unit4,cycling,/ˈsaɪklɪŋ/,n.,骑自行车运动,4,运动
6,下,Unit4,badminton,/ˈbædmɪntən/,n.,羽毛球运动,4,运动
6,下,Unit4,star,/stɑː(r)/,n.,星,4,自然
6,下,Unit4,easy,/ˈiːzi/,adj.,容易的,4,形容词
6,下,Unit4,internet,/ˈɪntənet/,n.,互联网,4,科技
6,下,Unit4,different,/ˈdɪfrənt/,adj.,不同的,4,形容词
6,下,Unit4,active,/ˈæktɪv/,adj.,活跃的,4,形容词
6,下,Unit4,race,/reɪs/,n.,赛跑,4,运动
6,下,Unit4,nothing,/ˈnʌθɪŋ/,pron.,没有什么,4,代词
6,下,Unit4,thought,/θɔːt/,v.,想（think的过去式）,4,动作
6,下,Unit4,felt,/felt/,v.,感觉（feel的过去式）,4,动作
6,下,Unit4,cheetah,/ˈtʃiːtə/,n.,猎豹,4,动物
6,下,Recycle,did,/dɪd/,v.,做（do的过去式）,4,助动词
6,下,Recycle,was,/wɒz/,v.,是（is的过去式）,4,助动词
6,下,Recycle,were,/wɜː(r)/,v.,是（are的过去式）,4,助动词
6,下,Recycle,made,/meɪd/,v.,制作（过去式）,4,动作
6,下,Recycle,got,/ɡɒt/,v.,得到（过去式）,4,动作
6,下,Recycle,said,/sed/,v.,说（过去式）,4,动作
6,下,Recycle,told,/təʊld/,v.,告诉（过去式）,4,动作
6,下,Recycle,wrote,/rəʊt/,v.,写（过去式）,4,动作
6,下,Recycle,ran,/ræn/,v.,跑（过去式）,4,动作
6,下,Recycle,swam,/swæm/,v.,游泳（过去式）,4,动作
6,下,Recycle,sang,/sæŋ/,v.,唱（过去式）,4,动作
6,下,Recycle,drew,/druː/,v.,画（过去式）,4,动作
6,下,Recycle,flew,/fluː/,v.,飞（过去式）,4,动作
6,下,Recycle,became,/bɪˈkeɪm/,v.,变成（过去式）,4,动作
6,下,Recycle,environment,/ɪnˈvaɪrənmənt/,n.,环境,5,自然
6,下,Recycle,save,/seɪv/,v.,节约；拯救,5,动作
6,下,Recycle,protect,/prəˈtekt/,v.,保护,5,动作
6,下,Recycle,pollution,/pəˈluːʃn/,n.,污染,5,自然
6,下,Recycle,recycle,/ˌriːˈsaɪkl/,v.,回收利用,5,动作
6,下,Recycle,reduce,/rɪˈdjuːs/,v.,减少,5,动作
6,下,Recycle,reuse,/ˌriːˈjuːz/,v.,重复使用,5,动作
6,下,Recycle,earth,/ɜːθ/,n.,地球,5,自然
6,下,Recycle,planet,/ˈplænɪt/,n.,行星,5,自然
6,下,Recycle,future,/ˈfjuːtʃə(r)/,n.,未来,5,时间
6,下,Recycle,dream,/driːm/,n.,梦想,5,常用词
6,下,Recycle,plan,/plæn/,n.,计划,5,常用词
6,下,Recycle,decide,/dɪˈsaɪd/,v.,决定,5,动作
6,下,Recycle,hope,/həʊp/,v.,希望,5,动作
6,下,Recycle,wish,/wɪʃ/,v.,祝愿,5,动作
6,下,Recycle,believe,/bɪˈliːv/,v.,相信,5,动作
6,下,Recycle,imagine,/ɪˈmædʒɪn/,v.,想象,5,动作
6,下,Recycle,create,/kriˈeɪt/,v.,创造,5,动作
6,下,Recycle,invent,/ɪnˈvent/,v.,发明,5,动作
6,下,Recycle,discover,/dɪˈskʌvə(r)/,v.,发现,5,动作
6,下,Recycle,explore,/ɪkˈsplɔː(r)/,v.,探索,5,动作
6,下,Recycle,share,/ʃeə(r)/,v.,分享,5,动作
6,下,Recycle,understand,/ˌʌndəˈstænd/,v.,理解,5,动作
6,下,Recycle,remember,/rɪˈmembə(r)/,v.,记得,5,动作
6,下,Recycle,forget,/fəˈɡet/,v.,忘记,5,动作
6,下,Recycle,important,/ɪmˈpɔːtnt/,adj.,重要的,5,形容词
6,下,Recycle,dangerous,/ˈdeɪndʒərəs/,adj.,危险的,5,形容词
6,下,Recycle,safe,/seɪf/,adj.,安全的,5,形容词
6,下,Recycle,popular,/ˈpɒpjələ(r)/,adj.,受欢迎的,5,形容词
6,下,Recycle,famous,/ˈfeɪməs/,adj.,著名的,5,形容词
6,下,Recycle,modern,/ˈmɒdn/,adj.,现代的,5,形容词
6,下,Recycle,ancient,/ˈeɪnʃənt/,adj.,古老的,5,形容词
6,下,Recycle,traditional,/trəˈdɪʃənl/,adj.,传统的,5,形容词
6,下,Recycle,culture,/ˈkʌltʃə(r)/,n.,文化,5,常用词
6,下,Recycle,history,/ˈhɪstri/,n.,历史,5,学科
6,下,Recycle,geography,/dʒiˈɒɡrəfi/,n.,地理,5,学科
6,下,Recycle,society,/səˈsaɪəti/,n.,社会,5,常用词
6,下,Recycle,energy,/ˈenədʒi/,n.,能量；能源,5,自然
6,下,Recycle,electricity,/ɪˌlekˈtrɪsəti/,n.,电,5,科技
6,下,Recycle,machine,/məˈʃiːn/,n.,机器,5,科技
6,下,Recycle,technology,/tekˈnɒlədʒi/,n.,技术,5,科技
6,下,Recycle,information,/ˌɪnfəˈmeɪʃn/,n.,信息,5,常用词
6,下,Recycle,knowledge,/ˈnɒlɪdʒ/,n.,知识,5,常用词
6,下,Recycle,education,/ˌedʒuˈkeɪʃn/,n.,教育,5,学校
6,下,Recycle,experience,/ɪkˈspɪəriəns/,n.,经验；经历,5,常用词
6,下,Recycle,opportunity,/ˌɒpəˈtjuːnəti/,n.,机会,5,常用词
6,下,Recycle,success,/səkˈses/,n.,成功,5,常用词
6,下,Recycle,effort,/ˈefət/,n.,努力,5,常用词
6,下,Recycle,progress,/ˈprəʊɡres/,n.,进步,5,常用词
6,下,Recycle,goal,/ɡəʊl/,n.,目标,5,常用词
6,下,Recycle,choice,/tʃɔɪs/,n.,选择,5,常用词
6,下,Recycle,advice,/ədˈvaɪs/,n.,建议,5,常用词
6,下,Recycle,suggestion,/səˈdʒestʃən/,n.,建议,5,常用词
6,下,Recycle,reason,/ˈriːzn/,n.,原因,5,常用词
6,下,Recycle,result,/rɪˈzʌlt/,n.,结果,5,常用词
6,下,Recycle,example,/ɪɡˈzɑːmpl/,n.,例子,5,常用词
6,下,Recycle,especially,/ɪˈspeʃəli/,adv.,尤其,5,副词
6,下,Recycle,probably,/ˈprɒbəbli/,adv.,大概,5,副词
6,下,Recycle,certainly,/ˈsɜːtnli/,adv.,当然,5,副词
6,下,Recycle,already,/ɔːlˈredi/,adv.,已经,5,副词
6,下,Recycle,recently,/ˈriːsntli/,adv.,最近,5,副词
6,下,Recycle,immediately,/ɪˈmiːdiətli/,adv.,立即,5,副词
6,下,Recycle,gradually,/ˈɡrædʒuəli/,adv.,逐渐地,5,副词
6,下,Recycle,however,/haʊˈevə(r)/,adv.,然而,5,连词
6,下,Recycle,therefore,/ˈðeəfɔː(r)/,adv.,因此,5,连词
6,下,Recycle,although,/ɔːlˈðəʊ/,conj.,虽然,5,连词
6,下,Recycle,whether,/ˈweðə(r)/,conj.,是否,5,连词
6,下,Recycle,unless,/ənˈles/,conj.,除非,5,连词
6,下,Recycle,during,/ˈdjʊərɪŋ/,prep.,在……期间,5,方位
6,下,Recycle,through,/θruː/,prep.,穿过,5,方位
6,下,Recycle,across,/əˈkrɒs/,prep.,横过,5,方位
6,下,Recycle,along,/əˈlɒŋ/,prep.,沿着,5,方位
6,下,Recycle,around,/əˈraʊnd/,prep.,围绕,5,方位
6,下,Recycle,toward,/təˈwɔːd/,prep.,朝向,5,方位
6,下,Recycle,against,/əˈɡenst/,prep.,反对；靠着,5,方位
6,下,Recycle,among,/əˈmʌŋ/,prep.,在……之中,5,方位
6,下,Recycle,itself,/ɪtˈself/,pron.,它自己,5,代词
6,下,Recycle,themselves,/ðəmˈselvz/,pron.,他们自己,5,代词
6,下,Recycle,myself,/maɪˈself/,pron.,我自己,5,代词
6,下,Recycle,another,/əˈnʌðə(r)/,det.,另一个,5,数量
6,下,Recycle,other,/ˈʌðə(r)/,adj.,其他的,5,数量
6,下,Recycle,several,/ˈsevrəl/,det.,几个,5,数量
6,下,Recycle,many,/ˈmeni/,det.,许多,5,数量
6,下,Recycle,much,/mʌtʃ/,det.,许多,5,数量
6,下,Recycle,more,/mɔː(r)/,det.,更多,5,数量
6,下,Recycle,most,/məʊst/,det.,最多,5,数量
6,下,Recycle,least,/liːst/,det.,最少,5,数量
6,下,Recycle,less,/les/,det.,更少,5,数量
6,下,Recycle,hundred,/ˈhʌndrəd/,num.,百,5,数字
6,下,Recycle,thousand,/ˈθaʊznd/,num.,千,5,数字
6,下,Recycle,million,/ˈmɪljən/,num.,百万,5,数字
6,下,Recycle,half,/hɑːf/,n.,一半,5,数字
6,下,Recycle,quarter,/ˈkwɔːtə(r)/,n.,四分之一,5,数字
6,下,Recycle,percent,/pəˈsent/,n.,百分之……,5,数字
6,下,Recycle,double,/ˈdʌbl/,adj.,两倍的,5,数字
6,下,Recycle,once,/wʌns/,adv.,一次,5,数字
6,下,Recycle,twice,/twaɪs/,adv.,两次,5,数字
6,下,Recycle,daily,/ˈdeɪli/,adj.,每日的,5,时间
6,下,Recycle,weekly,/ˈwiːkli/,adj.,每周的,5,时间
6,下,Recycle,monthly,/ˈmʌnθli/,adj.,每月的,5,时间
6,下,Recycle,yearly,/ˈjɪəli/,adj.,每年的,5,时间
6,下,Recycle,century,/ˈsentʃəri/,n.,世纪,5,时间
6,下,Recycle,decade,/ˈdekeɪd/,n.,十年,5,时间
6,下,Recycle,period,/ˈpɪəriəd/,n.,时期,5,时间
6,下,Recycle,moment,/ˈməʊmənt/,n.,片刻,5,时间
6,下,Recycle,soon,/suːn/,adv.,不久,5,时间
6,下,Recycle,early,/ˈɜːli/,adv.,早,5,时间
6,下,Recycle,meanwhile,/ˈmiːnwaɪl/,adv.,同时,5,时间
6,下,Recycle,finally,/ˈfaɪnəli/,adv.,最后,5,副词
6,下,Recycle,suddenly,/ˈsʌdnli/,adv.,突然,5,副词
6,下,Recycle,luckily,/ˈlʌkɪli/,adv.,幸运地,5,副词
6,下,Recycle,carefully,/ˈkeəfəli/,adv.,仔细地,5,副词
6,下,Recycle,quickly,/ˈkwɪkli/,adv.,快速地,5,副词
6,下,Recycle,slowly,/ˈsləʊli/,adv.,缓慢地,5,副词
6,下,Recycle,loudly,/ˈlaʊdli/,adv.,大声地,5,副词
6,下,Recycle,hard,/hɑːd/,adv.,努力地,5,副词
6,下,Recycle,well,/wel/,adv.,好,5,副词
6,下,Recycle,badly,/ˈbædli/,adv.,糟糕地,5,副词
6,下,Recycle,together,/təˈɡeðə(r)/,adv.,一起,5,副词
6,下,Recycle,alone,/əˈləʊn/,adv.,独自,5,副词
6,下,Recycle,abroad,/əˈbrɔːd/,adv.,在国外,5,旅行
6,下,Recycle,journey,/ˈdʒɜːni/,n.,旅程,5,旅行
6,下,Recycle,adventure,/ədˈventʃə(r)/,n.,冒险,5,旅行
6,下,Recycle,passenger,/ˈpæsɪndʒə(r)/,n.,乘客,5,交通
6,下,Recycle,ticket,/ˈtɪkɪt/,n.,票,5,旅行
6,下,Recycle,passport,/ˈpɑːspɔːt/,n.,护照,5,旅行
6,下,Recycle,luggage,/ˈlʌɡɪdʒ/,n.,行李,5,旅行
6,下,Recycle,airport,/ˈeəpɔːt/,n.,机场,5,交通
6,下,Recycle,station,/ˈsteɪʃn/,n.,车站,5,交通
6,下,Recycle,platform,/ˈplætfɔːm/,n.,站台,5,交通
6,下,Recycle,departure,/dɪˈpɑːtʃə(r)/,n.,出发,5,旅行
6,下,Recycle,arrival,/əˈraɪvl/,n.,到达,5,旅行
6,下,Recycle,destination,/ˌdestɪˈneɪʃn/,n.,目的地,5,旅行
6,下,Recycle,compass,/ˈkʌmpəs/,n.,指南针,5,旅行
6,下,Recycle,direction,/dɪˈrekʃn/,n.,方向,5,方位
6,下,Recycle,north,/nɔːθ/,n.,北,5,方位
6,下,Recycle,south,/saʊθ/,n.,南,5,方位
6,下,Recycle,east,/iːst/,n.,东,5,方位
6,下,Recycle,west,/west/,n.,西,5,方位
6,下,Recycle,middle,/ˈmɪdl/,n.,中间,5,方位
6,下,Recycle,center,/ˈsentə(r)/,n.,中心,5,方位
6,下,Recycle,corner,/ˈkɔːnə(r)/,n.,角落,5,方位
6,下,Recycle,edge,/edʒ/,n.,边缘,5,方位
6,下,Recycle,top,/tɒp/,n.,顶部,5,方位
6,下,Recycle,bottom,/ˈbɒtəm/,n.,底部,5,方位
6,下,Recycle,side,/saɪd/,n.,边,5,方位
6,下,Recycle,end,/end/,n.,末端,5,方位
6,下,Recycle,beginning,/bɪˈɡɪnɪŋ/,n.,开始,5,时间
6,下,Recycle,whole,/həʊl/,adj.,整个的,5,形容词
6,下,Recycle,part,/pɑːt/,n.,部分,5,常用词
6,下,Recycle,piece,/piːs/,n.,片；块,5,常用词
6,下,Recycle,pair,/peə(r)/,n.,一双,5,数量
6,下,Recycle,set,/set/,n.,一套,5,数量
6,下,Recycle,group,/ɡruːp/,n.,群；组,5,常用词
6,下,Recycle,team,/tiːm/,n.,队,5,运动
6,下,Recycle,member,/ˈmembə(r)/,n.,成员,5,人物
6,下,Recycle,leader,/ˈliːdə(r)/,n.,领导,5,人物
6,下,Recycle,volunteer,/ˌvɒlənˈtɪə(r)/,n.,志愿者,5,人物
6,下,Recycle,hero,/ˈhɪərəʊ/,n.,英雄,5,人物
6,下,Recycle,neighbor,/ˈneɪbə(r)/,n.,邻居,5,人物
6,下,Recycle,stranger,/ˈstreɪndʒə(r)/,n.,陌生人,5,人物
6,下,Recycle,guest,/ɡest/,n.,客人,5,人物
6,下,Recycle,host,/həʊst/,n.,主人,5,人物
6,下,Recycle,audience,/ˈɔːdiəns/,n.,观众,5,人物
6,下,Recycle,customer,/ˈkʌstəmə(r)/,n.,顾客,5,人物
6,下,Recycle,manager,/ˈmænɪdʒə(r)/,n.,经理,5,职业
6,下,Recycle,engineer,/ˌendʒɪˈnɪə(r)/,n.,工程师,5,职业
6,下,Recycle,lawyer,/ˈlɔːjə(r)/,n.,律师,5,职业
6,下,Recycle,judge,/dʒʌdʒ/,n.,法官,5,职业
6,下,Recycle,artist,/ˈɑːtɪst/,n.,艺术家,5,职业
6,下,Recycle,musician,/mjuˈzɪʃn/,n.,音乐家,5,职业
6,下,Recycle,writer,/ˈraɪtə(r)/,n.,作家,5,职业
6,下,Recycle,poet,/ˈpəʊɪt/,n.,诗人,5,职业
6,下,Recycle,actor,/ˈæktə(r)/,n.,演员,5,职业
6,下,Recycle,actress,/ˈæktrəs/,n.,女演员,5,职业
6,下,Recycle,director,/dɪˈrektə(r)/,n.,导演,5,职业
6,下,Recycle,photographer,/fəˈtɒɡrəfə(r)/,n.,摄影师,5,职业
6,下,Recycle,designer,/dɪˈzaɪnə(r)/,n.,设计师,5,职业
6,下,Recycle,architect,/ˈɑːkɪtekt/,n.,建筑师,5,职业
6,下,Recycle,astronaut,/ˈæstrənɔːt/,n.,宇航员,5,职业
6,下,Recycle,professor,/prəˈfesə(r)/,n.,教授,5,职业
6,下,Recycle,principal,/ˈprɪnsəpl/,n.,校长,5,职业
6,下,Recycle,librarian,/laɪˈbreəriən/,n.,图书管理员,5,职业
6,下,Recycle,dentist,/ˈdentɪst/,n.,牙医,5,职业
6,下,Recycle,surgeon,/ˈsɜːdʒən/,n.,外科医生,5,职业
6,下,Recycle,vet,/vet/,n.,兽医,5,职业
6,下,Recycle,firefighter,/ˈfaɪəfaɪtə(r)/,n.,消防员,5,职业
6,下,Recycle,soldier,/ˈsəʊldʒə(r)/,n.,士兵,5,职业
6,下,Recycle,guard,/ɡɑːd/,n.,警卫,5,职业
6,下,Recycle,secretary,/ˈsekrətri/,n.,秘书,5,职业
6,下,Recycle,accountant,/əˈkaʊntənt/,n.,会计,5,职业
6,下,Recycle,cashier,/kæˈʃɪə(r)/,n.,收银员,5,职业
6,下,Recycle,waiter,/ˈweɪtə(r)/,n.,服务员,5,职业
6,下,Recycle,waitress,/ˈweɪtrəs/,n.,女服务员,5,职业
6,下,Recycle,barber,/ˈbɑːbə(r)/,n.,理发师,5,职业
6,下,Recycle,tailor,/ˈteɪlə(r)/,n.,裁缝,5,职业
6,下,Recycle,baker,/ˈbeɪkə(r)/,n.,面包师,5,职业
6,下,Recycle,gardener,/ˈɡɑːdnə(r)/,n.,园丁,5,职业
6,下,Recycle,cleaner,/ˈkliːnə(r)/,n.,清洁工,5,职业
6,下,Recycle,mechanic,/məˈkænɪk/,n.,机械师,5,职业
6,下,Recycle,electrician,/ɪˌlekˈtrɪʃn/,n.,电工,5,职业
6,下,Recycle,plumber,/ˈplʌmə(r)/,n.,水管工,5,职业
6,下,Recycle,carpenter,/ˈkɑːpəntə(r)/,n.,木匠,5,职业
6,下,Recycle,painter,/ˈpeɪntə(r)/,n.,油漆工；画家,5,职业
6,下,Recycle,translator,/trænsˈleɪtə(r)/,n.,翻译,5,职业
6,下,Recycle,guide,/ɡaɪd/,n.,导游,5,职业
6,下,Recycle,editor,/ˈedɪtə(r)/,n.,编辑,5,职业
6,下,Recycle,programmer,/ˈprəʊɡræmə(r)/,n.,程序员,5,职业
6,下,Recycle,developer,/dɪˈveləpə(r)/,n.,开发者,5,职业
6,下,Recycle,researcher,/rɪˈsɜːtʃə(r)/,n.,研究员,5,职业
6,下,Recycle,assistant,/əˈsɪstənt/,n.,助手,5,职业
6,下,Recycle,expert,/ˈekspɜːt/,n.,专家,5,职业
6,下,Recycle,champion,/ˈtʃæmpiən/,n.,冠军,5,运动
6,下,Recycle,athlete,/ˈæθliːt/,n.,运动员,5,运动
6,下,Recycle,player,/ˈpleɪə(r)/,n.,运动员；选手,5,运动
6,下,Recycle,referee,/ˌrefəˈriː/,n.,裁判,5,运动
6,下,Recycle,medal,/ˈmedl/,n.,奖牌,5,运动
6,下,Recycle,trophy,/ˈtrəʊfi/,n.,奖杯,5,运动
6,下,Recycle,record,/ˈrekɔːd/,n.,记录,5,运动
6,下,Recycle,match,/mætʃ/,n.,比赛,5,运动
6,下,Recycle,game,/ɡeɪm/,n.,游戏；比赛,5,运动
6,下,Recycle,tournament,/ˈtʊənəmənt/,n.,锦标赛,5,运动
6,下,Recycle,competition,/ˌkɒmpəˈtɪʃn/,n.,竞赛,5,运动
6,下,Recycle,contest,/ˈkɒntest/,n.,比赛,5,运动
6,下,Recycle,win,/wɪn/,v.,赢,5,动作
6,下,Recycle,lose,/luːz/,v.,输,5,动作
6,下,Recycle,beat,/biːt/,v.,打败,5,动作
6,下,Recycle,defeat,/dɪˈfiːt/,v.,击败,5,动作
6,下,Recycle,compete,/kəmˈpiːt/,v.,竞争,5,动作
6,下,Recycle,practice,/ˈpræktɪs/,v.,练习,5,动作
6,下,Recycle,exercise,/ˈeksəsaɪz/,v.,锻炼,5,动作
6,下,Recycle,stretch,/stretʃ/,v.,伸展,5,动作
6,下,Recycle,breathe,/briːð/,v.,呼吸,5,动作
6,下,Recycle,relax,/rɪˈlæks/,v.,放松,5,动作
6,下,Recycle,rest,/rest/,v.,休息,5,动作
6,下,Recycle,recover,/rɪˈkʌvə(r)/,v.,恢复,5,动作
6,下,Recycle,improve,/ɪmˈpruːv/,v.,改善,5,动作
6,下,Recycle,develop,/dɪˈveləp/,v.,发展,5,动作
6,下,Recycle,increase,/ɪnˈkriːs/,v.,增加,5,动作
6,下,Recycle,decrease,/dɪˈkriːs/,v.,减少,5,动作
6,下,Recycle,rise,/raɪz/,v.,上升,5,动作
6,下,Recycle,fall,/fɔːl/,v.,下降；落下,5,动作
6,下,Recycle,grow,/ɡrəʊ/,v.,生长,5,动作
6,下,Recycle,change,/tʃeɪndʒ/,v.,改变,5,动作
6,下,Recycle,remain,/rɪˈmeɪn/,v.,保持,5,动作
6,下,Recycle,stay,/steɪ/,v.,保持,5,动作
6,下,Recycle,hold,/həʊld/,v.,握住,5,动作
6,下,Recycle,carry,/ˈkæri/,v.,携带,5,动作
6,下,Recycle,bring,/brɪŋ/,v.,带来,5,动作
6,下,Recycle,send,/send/,v.,发送,5,动作
6,下,Recycle,receive,/rɪˈsiːv/,v.,收到,5,动作
6,下,Recycle,give,/ɡɪv/,v.,给,5,动作
6,下,Recycle,offer,/ˈɒfə(r)/,v.,提供,5,动作
6,下,Recycle,provide,/prəˈvaɪd/,v.,提供,5,动作
6,下,Recycle,supply,/səˈplaɪ/,v.,供应,5,动作
6,下,Recycle,prepare,/prɪˈpeə(r)/,v.,准备,5,动作
6,下,Recycle,organize,/ˈɔːɡənaɪz/,v.,组织,5,动作
6,下,Recycle,arrange,/əˈreɪndʒ/,v.,安排,5,动作
6,下,Recycle,manage,/ˈmænɪdʒ/,v.,管理,5,动作
6,下,Recycle,control,/kənˈtrəʊl/,v.,控制,5,动作
6,下,Recycle,operate,/ˈɒpəreɪt/,v.,操作,5,动作
6,下,Recycle,use,/juːz/,v.,使用,5,动作
6,下,Recycle,apply,/əˈplaɪ/,v.,应用,5,动作
6,下,Recycle,fix,/fɪks/,v.,修理,5,动作
6,下,Recycle,repair,/rɪˈpeə(r)/,v.,修理,5,动作
6,下,Recycle,mend,/mend/,v.,修补,5,动作
6,下,Recycle,break,/breɪk/,v.,打破,5,动作
6,下,Recycle,damage,/ˈdæmɪdʒ/,v.,损坏,5,动作
6,下,Recycle,destroy,/dɪˈstrɔɪ/,v.,摧毁,5,动作
6,下,Recycle,build,/bɪld/,v.,建造,5,动作
6,下,Recycle,construct,/kənˈstrʌkt/,v.,建造,5,动作
6,下,Recycle,design,/dɪˈzaɪn/,v.,设计,5,动作
6,下,Recycle,produce,/prəˈdjuːs/,v.,生产,5,动作
6,下,Recycle,sell,/sel/,v.,卖,5,动作
6,下,Recycle,buy,/baɪ/,v.,买,5,动作
6,下,Recycle,pay,/peɪ/,v.,支付,5,动作
6,下,Recycle,spend,/spend/,v.,花费,5,动作
6,下,Recycle,cost,/kɒst/,v.,花费,5,动作
6,下,Recycle,charge,/tʃɑːdʒ/,v.,收费,5,动作
6,下,Recycle,earn,/ɜːn/,v.,赚取,5,动作
6,下,Recycle,waste,/weɪst/,v.,浪费,5,动作
6,下,Recycle,borrow,/ˈbɒrəʊ/,v.,借入,5,动作
6,下,Recycle,lend,/lend/,v.,借出,5,动作
6,下,Recycle,return,/rɪˈtɜːn/,v.,归还,5,动作
6,下,Recycle,exchange,/ɪksˈtʃeɪndʒ/,v.,交换,5,动作
6,下,Recycle,trade,/treɪd/,v.,交易,5,动作
6,下,Recycle,agree,/əˈɡriː/,v.,同意,5,动作
6,下,Recycle,disagree,/ˌdɪsəˈɡriː/,v.,不同意,5,动作
6,下,Recycle,argue,/ˈɑːɡjuː/,v.,争论,5,动作
6,下,Recycle,discuss,/dɪˈskʌs/,v.,讨论,5,动作
6,下,Recycle,debate,/dɪˈbeɪt/,v.,辩论,5,动作
6,下,Recycle,explain,/ɪkˈspleɪn/,v.,解释,5,动作
6,下,Recycle,describe,/dɪˈskraɪb/,v.,描述,5,动作
6,下,Recycle,introduce,/ˌɪntrəˈdjuːs/,v.,介绍,5,动作
6,下,Recycle,present,/prɪˈzent/,v.,展示,5,动作
6,下,Recycle,announce,/əˈnaʊns/,v.,宣布,5,动作
6,下,Recycle,declare,/dɪˈkleə(r)/,v.,宣告,5,动作
6,下,Recycle,mention,/ˈmenʃn/,v.,提到,5,动作
6,下,Recycle,suggest,/səˈdʒest/,v.,建议,5,动作
6,下,Recycle,recommend,/ˌrekəˈmend/,v.,推荐,5,动作
6,下,Recycle,advise,/ədˈvaɪz/,v.,建议,5,动作
6,下,Recycle,warn,/wɔːn/,v.,警告,5,动作
6,下,Recycle,remind,/rɪˈmaɪnd/,v.,提醒,5,动作
6,下,Recycle,encourage,/ɪnˈkʌrɪdʒ/,v.,鼓励,5,动作
6,下,Recycle,inspire,/ɪnˈspaɪə(r)/,v.,激励,5,动作
6,下,Recycle,influence,/ˈɪnfluəns/,v.,影响,5,动作
6,下,Recycle,affect,/əˈfekt/,v.,影响,5,动作
6,下,Recycle,effect,/ɪˈfekt/,n.,效果,5,常用词
6,下,Recycle,cause,/kɔːz/,n.,原因,5,常用词
6,下,Recycle,solution,/səˈluːʃn/,n.,解决办法,5,常用词
6,下,Recycle,answer,/ˈɑːnsə(r)/,n.,答案,5,常用词
6,下,Recycle,question,/ˈkwestʃən/,n.,问题,5,常用词
6,下,Recycle,idea,/aɪˈdɪə/,n.,主意,5,常用词
6,下,Recycle,opinion,/əˈpɪnjən/,n.,观点,5,常用词
6,下,Recycle,view,/vjuː/,n.,看法,5,常用词
6,下,Recycle,attitude,/ˈætɪtjuːd/,n.,态度,5,常用词
6,下,Recycle,behavior,/bɪˈheɪvjə(r)/,n.,行为,5,常用词
6,下,Recycle,action,/ˈækʃn/,n.,行动,5,常用词
6,下,Recycle,activity,/ækˈtɪvəti/,n.,活动,5,常用词
6,下,Recycle,event,/ɪˈvent/,n.,事件,5,常用词
6,下,Recycle,situation,/ˌsɪtʃuˈeɪʃn/,n.,情况,5,常用词
6,下,Recycle,condition,/kənˈdɪʃn/,n.,条件,5,常用词
6,下,Recycle,wildlife,/ˈwaɪldlaɪf/,n.,野生动物,5,自然
6,下,Recycle,species,/ˈspiːʃiːz/,n.,物种,5,自然
6,下,Recycle,creature,/ˈkriːtʃə(r)/,n.,生物,5,自然
6,下,Recycle,insect,/ˈɪnsekt/,n.,昆虫,5,动物
6,下,Recycle,butterfly,/ˈbʌtəflaɪ/,n.,蝴蝶,5,动物
6,下,Recycle,bee,/biː/,n.,蜜蜂,5,动物
6,下,Recycle,ant,/ænt/,n.,蚂蚁,5,动物
6,下,Recycle,spider,/ˈspaɪdə(r)/,n.,蜘蛛,5,动物
6,下,Recycle,mosquito,/məˈskiːtəʊ/,n.,蚊子,5,动物
6,下,Recycle,worm,/wɜːm/,n.,蠕虫,5,动物
6,下,Recycle,snail,/sneɪl/,n.,蜗牛,5,动物
6,下,Recycle,crab,/kræb/,n.,螃蟹,5,动物
6,下,Recycle,lobster,/ˈlɒbstə(r)/,n.,龙虾,5,动物
6,下,Recycle,shrimp,/ʃrɪmp/,n.,虾,5,动物
6,下,Recycle,whale,/weɪl/,n.,鲸,5,动物
6,下,Recycle,dolphin,/ˈdɒlfɪn/,n.,海豚,5,动物
6,下,Recycle,shark,/ʃɑːk/,n.,鲨鱼,5,动物
6,下,Recycle,octopus,/ˈɒktəpəs/,n.,章鱼,5,动物
6,下,Recycle,seal,/siːl/,n.,海豹,5,动物
6,下,Recycle,penguin,/ˈpeŋɡwɪn/,n.,企鹅,5,动物
6,下,Recycle,eagle,/ˈiːɡl/,n.,鹰,5,动物
6,下,Recycle,hawk,/hɔːk/,n.,隼,5,动物
6,下,Recycle,owl,/aʊl/,n.,猫头鹰,5,动物
6,下,Recycle,parrot,/ˈpærət/,n.,鹦鹉,5,动物
6,下,Recycle,peacock,/ˈpiːkɒk/,n.,孔雀,5,动物
6,下,Recycle,swan,/swɒn/,n.,天鹅,5,动物
6,下,Recycle,goose,/ɡuːs/,n.,鹅,5,动物
6,下,Recycle,turkey,/ˈtɜːki/,n.,火鸡,5,动物
6,下,Recycle,rooster,/ˈruːstə(r)/,n.,公鸡,5,动物
6,下,Recycle,chick,/tʃɪk/,n.,小鸡,5,动物
6,下,Recycle,lion,/ˈlaɪən/,n.,狮子,5,动物
6,下,Recycle,leopard,/ˈlepəd/,n.,豹,5,动物
6,下,Recycle,wolf,/wʊlf/,n.,狼,5,动物
6,下,Recycle,fox,/fɒks/,n.,狐狸,5,动物
6,下,Recycle,deer,/dɪə(r)/,n.,鹿,5,动物
6,下,Recycle,zebra,/ˈzebrə/,n.,斑马,5,动物
6,下,Recycle,camel,/ˈkæml/,n.,骆驼,5,动物
6,下,Recycle,kangaroo,/ˌkæŋɡəˈruː/,n.,袋鼠,5,动物
6,下,Recycle,koala,/kəʊˈɑːlə/,n.,考拉,5,动物
6,下,Recycle,squirrel,/ˈskwɪrəl/,n.,松鼠,5,动物
6,下,Recycle,hamster,/ˈhæmstə(r)/,n.,仓鼠,5,动物
6,下,Recycle,goldfish,/ˈɡəʊldfɪʃ/,n.,金鱼,5,动物
6,下,Recycle,turtle,/ˈtɜːtl/,n.,乌龟,5,动物
6,下,Recycle,frog,/frɒɡ/,n.,青蛙,5,动物
6,下,Recycle,snake,/sneɪk/,n.,蛇,5,动物
6,下,Recycle,lizard,/ˈlɪzəd/,n.,蜥蜴,5,动物
6,下,Recycle,crocodile,/ˈkrɒkədaɪl/,n.,鳄鱼,5,动物
6,下,Recycle,dragon,/ˈdræɡən/,n.,龙,5,动物
6,下,Recycle,pet,/pet/,n.,宠物,5,动物
6,下,Recycle,feed,/fiːd/,v.,喂养,5,动作
6,下,Recycle,raise,/reɪz/,v.,饲养,5,动作
6,下,Recycle,catch,/kætʃ/,v.,抓住,5,动作
6,下,Recycle,hunt,/hʌnt/,v.,捕猎,5,动作
6,下,Recycle,escape,/ɪˈskeɪp/,v.,逃跑,5,动作
6,下,Recycle,hide,/haɪd/,v.,躲藏,5,动作
6,下,Recycle,attack,/əˈtæk/,v.,攻击,5,动作
6,下,Recycle,defend,/dɪˈfend/,v.,防御,5,动作
6,下,Recycle,survive,/səˈvaɪv/,v.,生存,5,动作
6,下,Recycle,adapt,/əˈdæpt/,v.,适应,5,动作
6,下,Recycle,hibernate,/ˈhaɪbəneɪt/,v.,冬眠,5,动作
6,下,Recycle,migrate,/maɪˈɡreɪt/,v.,迁徙,5,动作
6,下,Recycle,bloom,/bluːm/,v.,开花,5,自然
6,下,Recycle,sprout,/spraʊt/,v.,发芽,5,自然
6,下,Recycle,harvest,/ˈhɑːvɪst/,v.,收获,5,自然
6,下,Recycle,water,/ˈwɔːtə(r)/,v.,浇水,5,自然
6,下,Recycle,dig,/dɪɡ/,v.,挖,5,动作
6,下,Recycle,cut,/kʌt/,v.,切；剪,5,动作
6,下,Recycle,chop,/tʃɒp/,v.,砍,5,动作
6,下,Recycle,hammer,/ˈhæmə(r)/,v.,锤打,5,动作
6,下,Recycle,nail,/neɪl/,n.,钉子,5,物品
6,下,Recycle,screw,/skruː/,n.,螺丝,5,物品
6,下,Recycle,rope,/rəʊp/,n.,绳子,5,物品
6,下,Recycle,string,/strɪŋ/,n.,线,5,物品
6,下,Recycle,wire,/ˈwaɪə(r)/,n.,金属丝,5,物品
6,下,Recycle,chain,/tʃeɪn/,n.,链条,5,物品
6,下,Recycle,net,/net/,n.,网,5,物品
6,下,Recycle,trap,/træp/,n.,陷阱,5,物品
6,下,Recycle,cage,/keɪdʒ/,n.,笼子,5,物品
6,下,Recycle,basket,/ˈbɑːskɪt/,n.,篮子,5,物品
6,下,Recycle,bucket,/ˈbʌkɪt/,n.,桶,5,物品
6,下,Recycle,barrel,/ˈbærəl/,n.,桶,5,物品
6,下,Recycle,tank,/tæŋk/,n.,水箱,5,物品
6,下,Recycle,container,/kənˈteɪnə(r)/,n.,容器,5,物品
6,下,Recycle,packet,/ˈpækɪt/,n.,小包,5,物品
6,下,Recycle,package,/ˈpækɪdʒ/,n.,包裹,5,物品
6,下,Recycle,parcel,/ˈpɑːsl/,n.,包裹,5,物品
6,下,Recycle,envelope,/ˈenvələʊp/,n.,信封,5,物品
6,下,Recycle,stamp,/stæmp/,n.,邮票,5,物品
6,下,Recycle,letter,/ˈletə(r)/,n.,信,5,物品
6,下,Recycle,message,/ˈmesɪdʒ/,n.,消息,5,常用词
6,下,Recycle,news,/njuːz/,n.,新闻,5,常用词
6,下,Recycle,article,/ˈɑːtɪkl/,n.,文章,5,学校
6,下,Recycle,essay,/ˈeseɪ/,n.,短文,5,学校
6,下,Recycle,report,/rɪˈpɔːt/,n.,报告,5,学校
6,下,Recycle,project,/ˈprɒdʒekt/,n.,项目,5,学校
6,下,Recycle,task,/tɑːsk/,n.,任务,5,学校
6,下,Recycle,assignment,/əˈsaɪnmənt/,n.,作业,5,学校
6,下,Recycle,exam,/ɪɡˈzæm/,n.,考试,5,学校
6,下,Recycle,test,/test/,n.,测验,5,学校
6,下,Recycle,quiz,/kwɪz/,n.,小测验,5,学校
6,下,Recycle,grade,/ɡreɪd/,n.,成绩；年级,5,学校
6,下,Recycle,mark,/mɑːk/,n.,分数,5,学校
6,下,Recycle,score,/skɔː(r)/,n.,得分,5,学校
6,下,Recycle,pass,/pɑːs/,v.,通过,5,动作
6,下,Recycle,fail,/feɪl/,v.,失败,5,动作
6,下,Recycle,review,/rɪˈvjuː/,v.,复习,5,动作
6,下,Recycle,study,/ˈstʌdi/,v.,学习,5,动作
6,下,Recycle,memorize,/ˈmeməraɪz/,v.,记忆,5,动作
6,下,Recycle,recite,/rɪˈsaɪt/,v.,背诵,5,动作
6,下,Recycle,spell,/spel/,v.,拼写,5,动作
6,下,Recycle,pronounce,/prəˈnaʊns/,v.,发音,5,动作
6,下,Recycle,translate,/trænsˈleɪt/,v.,翻译,5,动作
6,下,Recycle,calculate,/ˈkælkjuleɪt/,v.,计算,5,动作
6,下,Recycle,measure,/ˈmeʒə(r)/,v.,测量,5,动作
6,下,Recycle,weigh,/weɪ/,v.,称重,5,动作
6,下,Recycle,compare,/kəmˈpeə(r)/,v.,比较,5,动作
6,下,Recycle,analyze,/ˈænəlaɪz/,v.,分析,5,动作
6,下,Recycle,evaluate,/ɪˈvæljueɪt/,v.,评估,5,动作
6,下,Recycle,choose,/tʃuːz/,v.,选择,5,动作
6,下,Recycle,select,/sɪˈlekt/,v.,挑选,5,动作
6,下,Recycle,prefer,/prɪˈfɜː(r)/,v.,更喜欢,5,动作
6,下,Recycle,enjoy,/ɪnˈdʒɔɪ/,v.,享受,5,动作
6,下,Recycle,appreciate,/əˈpriːʃieɪt/,v.,欣赏,5,动作
6,下,Recycle,admire,/ədˈmaɪə(r)/,v.,钦佩,5,动作
6,下,Recycle,respect,/rɪˈspekt/,v.,尊重,5,动作
6,下,Recycle,honor,/ˈɒnə(r)/,v.,尊敬,5,动作
6,下,Recycle,praise,/preɪz/,v.,表扬,5,动作
6,下,Recycle,apologize,/əˈpɒlədʒaɪz/,v.,道歉,5,动作
6,下,Recycle,forgive,/fəˈɡɪv/,v.,原谅,5,动作
6,下,Recycle,blame,/bleɪm/,v.,责备,5,动作
6,下,Recycle,criticize,/ˈkrɪtɪsaɪz/,v.,批评,5,动作
6,下,Recycle,complain,/kəmˈpleɪn/,v.,抱怨,5,动作
6,下,Recycle,satisfy,/ˈsætɪsfaɪ/,v.,使满意,5,动作
6,下,Recycle,disappoint,/ˌdɪsəˈpɔɪnt/,v.,使失望,5,动作
6,下,Recycle,surprise,/səˈpraɪz/,v.,使惊讶,5,动作
6,下,Recycle,shock,/ʃɒk/,v.,使震惊,5,动作
6,下,Recycle,amaze,/əˈmeɪz/,v.,使惊奇,5,动作
6,下,Recycle,confuse,/kənˈfjuːz/,v.,使困惑,5,动作
6,下,Recycle,embarrass,/ɪmˈbærəs/,v.,使尴尬,5,动作
6,下,Recycle,annoy,/əˈnɔɪ/,v.,使烦恼,5,动作
6,下,Recycle,calm,/kɑːm/,v.,使平静,5,动作
6,下,Recycle,comfort,/ˈkʌmfət/,v.,安慰,5,动作
6,下,Recycle,cheer,/tʃɪə(r)/,v.,欢呼,5,动作
6,下,Recycle,celebrate,/ˈselɪbreɪt/,v.,庆祝,5,动作
6,下,Recycle,congratulate,/kənˈɡrætʃuleɪt/,v.,祝贺,5,动作
6,下,Recycle,greet,/ɡriːt/,v.,问候,5,动作
6,下,Recycle,invite,/ɪnˈvaɪt/,v.,邀请,5,动作
6,下,Recycle,accept,/əkˈsept/,v.,接受,5,动作
6,下,Recycle,refuse,/rɪˈfjuːz/,v.,拒绝,5,动作
6,下,Recycle,reject,/rɪˈdʒekt/,v.,拒绝,5,动作
6,下,Recycle,deny,/dɪˈnaɪ/,v.,否认,5,动作
6,下,Recycle,admit,/ədˈmɪt/,v.,承认,5,动作
6,下,Recycle,confess,/kənˈfes/,v.,坦白,5,动作
6,下,Recycle,promise,/ˈprɒmɪs/,v.,承诺,5,动作
6,下,Recycle,guarantee,/ˌɡærənˈtiː/,v.,保证,5,动作
6,下,Recycle,ensure,/ɪnˈʃʊə(r)/,v.,确保,5,动作
6,下,Recycle,confirm,/kənˈfɜːm/,v.,确认,5,动作
6,下,Recycle,prove,/pruːv/,v.,证明,5,动作
6,下,Recycle,demonstrate,/ˈdemənstreɪt/,v.,证明,5,动作
6,下,Recycle,display,/dɪˈspleɪ/,v.,展示,5,动作
6,下,Recycle,exhibit,/ɪɡˈzɪbɪt/,v.,展览,5,动作
6,下,Recycle,perform,/pəˈfɔːm/,v.,表演,5,动作
6,下,Recycle,act,/ækt/,v.,表演,5,动作
6,下,Recycle,direct,/dɪˈrekt/,v.,导演,5,动作
6,下,Recycle,record,/rɪˈkɔːd/,v.,录制,5,动作
6,下,Recycle,broadcast,/ˈbrɔːdkɑːst/,v.,广播,5,动作
6,下,Recycle,publish,/ˈpʌblɪʃ/,v.,出版,5,动作
6,下,Recycle,print,/prɪnt/,v.,印刷,5,动作
6,下,Recycle,copy,/ˈkɒpi/,v.,复印,5,动作
6,下,Recycle,download,/ˌdaʊnˈləʊd/,v.,下载,5,科技
6,下,Recycle,upload,/ˌʌpˈləʊd/,v.,上传,5,科技
6,下,Recycle,install,/ɪnˈstɔːl/,v.,安装,5,科技
6,下,Recycle,delete,/dɪˈliːt/,v.,删除,5,科技
6,下,Recycle,search,/sɜːtʃ/,v.,搜索,5,科技
6,下,Recycle,browse,/braʊz/,v.,浏览,5,科技
6,下,Recycle,click,/klɪk/,v.,点击,5,科技
6,下,Recycle,type,/taɪp/,v.,打字,5,科技
6,下,Recycle,program,/ˈprəʊɡræm/,v.,编程,5,科技
6,下,Recycle,connect,/kəˈnekt/,v.,连接,5,科技
6,下,Recycle,communicate,/kəˈmjuːnɪkeɪt/,v.,交流,5,科技
6,下,Recycle,send,/send/,v.,发送,5,科技
6,下,Recycle,share,/ʃeə(r)/,v.,分享,5,科技
6,下,Recycle,post,/pəʊst/,v.,发布,5,科技
6,下,Recycle,comment,/ˈkɒment/,v.,评论,5,科技
6,下,Recycle,like,/laɪk/,v.,点赞,5,科技
6,下,Recycle,follow,/ˈfɒləʊ/,v.,关注,5,科技
6,下,Recycle,subscribe,/səbˈskraɪb/,v.,订阅,5,科技
6,下,Recycle,register,/ˈredʒɪstə(r)/,v.,注册,5,科技
6,下,Recycle,login,/ˈlɒɡɪn/,v.,登录,5,科技
6,下,Recycle,logout,/ˈlɒɡaʊt/,v.,登出,5,科技
6,下,Recycle,password,/ˈpɑːswɜːd/,n.,密码,5,科技
6,下,Recycle,username,/ˈjuːzənɑːm/,n.,用户名,5,科技
6,下,Recycle,website,/ˈwebsaɪt/,n.,网站,5,科技
6,下,Recycle,software,/ˈsɒftweə(r)/,n.,软件,5,科技
6,下,Recycle,hardware,/ˈhɑːdweə(r)/,n.,硬件,5,科技
6,下,Recycle,screen,/skriːn/,n.,屏幕,5,科技
6,下,Recycle,keyboard,/ˈkiːbɔːd/,n.,键盘,5,科技
6,下,Recycle,network,/ˈnetwɜːk/,n.,网络,5,科技
6,下,Recycle,data,/ˈdeɪtə/,n.,数据,5,科技
6,下,Recycle,digital,/ˈdɪdʒɪtl/,adj.,数字的,5,科技
6,下,Recycle,virtual,/ˈvɜːtʃuəl/,adj.,虚拟的,5,科技
6,下,Recycle,online,/ˌɒnˈlaɪn/,adj.,在线的,5,科技
6,下,Recycle,wireless,/ˈwaɪələs/,adj.,无线的,5,科技
6,下,Recycle,electronic,/ɪˌlekˈtrɒnɪk/,adj.,电子的,5,科技
6,下,Recycle,intelligent,/ɪnˈtelɪdʒənt/,adj.,智能的,5,科技
6,下,Recycle,innovation,/ˌɪnəˈveɪʃn/,n.,创新,5,科技
6,下,Recycle,invention,/ɪnˈvenʃn/,n.,发明,5,科技
6,下,Recycle,discovery,/dɪˈskʌvəri/,n.,发现,5,科技
6,下,Recycle,research,/rɪˈsɜːtʃ/,n.,研究,5,科技
6,下,Recycle,experiment,/ɪkˈsperɪmənt/,n.,实验,5,科技
6,下,Recycle,laboratory,/ləˈbɒrətri/,n.,实验室,5,科技
6,下,Recycle,microscope,/ˈmaɪkrəskəʊp/,n.,显微镜,5,科技
6,下,Recycle,telescope,/ˈtelɪskəʊp/,n.,望远镜,5,科技
6,下,Recycle,gravity,/ˈɡrævəti/,n.,重力,5,自然
6,下,Recycle,force,/fɔːs/,n.,力,5,自然
6,下,Recycle,magnet,/ˈmæɡnət/,n.,磁铁,5,自然
6,下,Recycle,atom,/ˈætəm/,n.,原子,5,自然
6,下,Recycle,oxygen,/ˈɒksɪdʒən/,n.,氧气,5,自然
6,下,Recycle,chemical,/ˈkemɪkl/,n.,化学物质,5,自然
6,下,Recycle,scientific,/ˌsaɪənˈtɪfɪk/,adj.,科学的,5,自然
6,下,Recycle,theory,/ˈθɪəri/,n.,理论,5,常用词
6,下,Recycle,principle,/ˈprɪnsəpl/,n.,原理,5,常用词
6,下,Recycle,method,/ˈmeθəd/,n.,方法,5,常用词
6,下,Recycle,approach,/əˈprəʊtʃ/,n.,方法,5,常用词
6,下,Recycle,strategy,/ˈstrætədʒi/,n.,策略,5,常用词
6,下,Recycle,technique,/tekˈniːk/,n.,技巧,5,常用词
6,下,Recycle,skill,/skɪl/,n.,技能,5,常用词
6,下,Recycle,ability,/əˈbɪləti/,n.,能力,5,常用词
6,下,Recycle,talent,/ˈtælənt/,n.,天赋,5,常用词
6,下,Recycle,potential,/pəˈtenʃl/,n.,潜力,5,常用词
6,下,Recycle,advantage,/ədˈvɑːntɪdʒ/,n.,优势,5,常用词
6,下,Recycle,disadvantage,/ˌdɪsədˈvɑːntɪdʒ/,n.,劣势,5,常用词
6,下,Recycle,benefit,/ˈbenɪfɪt/,n.,益处,5,常用词
6,下,Recycle,drawback,/ˈdrɔːbæk/,n.,缺点,5,常用词
6,下,Recycle,strength,/streŋθ/,n.,力量；优点,5,常用词
6,下,Recycle,weakness,/ˈwiːknəs/,n.,弱点,5,常用词
6,下,Recycle,power,/ˈpaʊə(r)/,n.,力量,5,常用词
6,下,Recycle,health,/helθ/,n.,健康,5,健康
6,下,Recycle,disease,/dɪˈziːz/,n.,疾病,5,健康
6,下,Recycle,illness,/ˈɪlnəs/,n.,疾病,5,健康
6,下,Recycle,symptom,/ˈsɪmptəm/,n.,症状,5,健康
6,下,Recycle,fever,/ˈfiːvə(r)/,n.,发烧,5,健康
6,下,Recycle,cough,/kɒf/,n.,咳嗽,5,健康
6,下,Recycle,headache,/ˈhedeɪk/,n.,头痛,5,健康
6,下,Recycle,stomachache,/ˈstʌməkeɪk/,n.,胃痛,5,健康
6,下,Recycle,toothache,/ˈtuːθeɪk/,n.,牙痛,5,健康
6,下,Recycle,medicine,/ˈmedsn/,n.,药,5,健康
6,下,Recycle,pill,/pɪl/,n.,药丸,5,健康
6,下,Recycle,treatment,/ˈtriːtmənt/,n.,治疗,5,健康
6,下,Recycle,cure,/kjʊə(r)/,v.,治愈,5,健康
6,下,Recycle,heal,/hiːl/,v.,愈合,5,健康
6,下,Recycle,examine,/ɪɡˈzæmɪn/,v.,检查,5,健康
6,下,Recycle,diagnose,/ˈdaɪəɡnəʊz/,v.,诊断,5,健康
6,下,Recycle,recover,/rɪˈkʌvə(r)/,v.,康复,5,健康
6,下,Recycle,diet,/ˈdaɪət/,n.,饮食,5,健康
6,下,Recycle,nutrition,/njuˈtrɪʃn/,n.,营养,5,健康
6,下,Recycle,vitamin,/ˈvɪtəmɪn/,n.,维生素,5,健康
6,下,Recycle,protein,/ˈprəʊtiːn/,n.,蛋白质,5,健康
6,下,Recycle,calorie,/ˈkæləri/,n.,卡路里,5,健康
6,下,Recycle,fitness,/ˈfɪtnəs/,n.,健康,5,健康
6,下,Recycle,yoga,/ˈjəʊɡə/,n.,瑜伽,5,运动
6,下,Recycle,jogging,/ˈdʒɒɡɪŋ/,n.,慢跑,5,运动
6,下,Recycle,marathon,/ˈmærəθən/,n.,马拉松,5,运动
6,下,Recycle,football,/ˈfʊtbɔːl/,n.,足球,5,运动
6,下,Recycle,basketball,/ˈbɑːskɪtbɔːl/,n.,篮球,5,运动
6,下,Recycle,volleyball,/ˈvɒlibɔːl/,n.,排球,5,运动
6,下,Recycle,baseball,/ˈbeɪsbɔːl/,n.,棒球,5,运动
6,下,Recycle,tennis,/ˈtenɪs/,n.,网球,5,运动
6,下,Recycle,golf,/ɡɒlf/,n.,高尔夫,5,运动
6,下,Recycle,rugby,/ˈrʌɡbi/,n.,橄榄球,5,运动
6,下,Recycle,hockey,/ˈhɒki/,n.,曲棍球,5,运动
6,下,Recycle,skiing,/ˈskiːɪŋ/,n.,滑雪,5,运动
6,下,Recycle,surfing,/ˈsɜːfɪŋ/,n.,冲浪,5,运动
6,下,Recycle,diving,/ˈdaɪvɪŋ/,n.,潜水,5,运动
6,下,Recycle,sailing,/ˈseɪlɪŋ/,n.,帆船运动,5,运动
6,下,Recycle,boxing,/ˈbɒksɪŋ/,n.,拳击,5,运动
6,下,Recycle,archery,/ˈɑːtʃəri/,n.,射箭,5,运动
6,下,Recycle,fencing,/ˈfensɪŋ/,n.,击剑,5,运动
6,下,Recycle,gymnastics,/dʒɪmˈnæstɪks/,n.,体操,5,运动
6,下,Recycle,athletics,/æθˈletɪks/,n.,田径,5,运动
6,下,Recycle,stadium,/ˈsteɪdiəm/,n.,体育场,5,场所
6,下,Recycle,court,/kɔːt/,n.,球场,5,场所
6,下,Recycle,field,/fiːld/,n.,运动场,5,场所
6,下,Recycle,track,/træk/,n.,跑道,5,场所
6,下,Recycle,pool,/puːl/,n.,游泳池,5,场所
6,下,Recycle,club,/klʌb/,n.,俱乐部,5,场所
6,下,Recycle,park,/pɑːk/,n.,公园,5,场所
6,下,Recycle,garden,/ˈɡɑːdn/,n.,花园,5,场所
6,下,Recycle,yard,/jɑːd/,n.,院子,5,场所
6,下,Recycle,roof,/ruːf/,n.,屋顶,5,家庭
6,下,Recycle,ceiling,/ˈsiːlɪŋ/,n.,天花板,5,家庭
6,下,Recycle,stairs,/steəz/,n.,楼梯,5,家庭
6,下,Recycle,elevator,/ˈelɪveɪtə(r)/,n.,电梯,5,家庭
6,下,Recycle,balcony,/ˈbælkəni/,n.,阳台,5,家庭
6,下,Recycle,basement,/ˈbeɪsmənt/,n.,地下室,5,家庭
6,下,Recycle,garage,/ˈɡærɑːʒ/,n.,车库,5,家庭
6,下,Recycle,attic,/ˈætɪk/,n.,阁楼,5,家庭
6,下,Recycle,carpet,/ˈkɑːpɪt/,n.,地毯,5,家具
6,下,Recycle,curtain,/ˈkɜːtn/,n.,窗帘,5,家具
6,下,Recycle,cushion,/ˈkʊʃn/,n.,靠垫,5,家具
6,下,Recycle,pillow,/ˈpɪləʊ/,n.,枕头,5,家具
6,下,Recycle,blanket,/ˈblæŋkɪt/,n.,毯子,5,家具
6,下,Recycle,towel,/ˈtaʊəl/,n.,毛巾,5,家具
6,下,Recycle,mirror,/ˈmɪrə(r)/,n.,镜子,5,家具
6,下,Recycle,lamp,/læmp/,n.,台灯,5,家具
6,下,Recycle,candle,/ˈkændl/,n.,蜡烛,5,家具
6,下,Recycle,vase,/vɑːz/,n.,花瓶,5,家具
6,下,Recycle,cupboard,/ˈkʌbəd/,n.,橱柜,5,家具
6,下,Recycle,wardrobe,/ˈwɔːdrəʊb/,n.,衣柜,5,家具
6,下,Recycle,drawer,/drɔː(r)/,n.,抽屉,5,家具
6,下,Recycle,shelf,/ʃelf/,n.,架子,5,家具
6,下,Recycle,armchair,/ˈɑːmtʃeə(r)/,n.,扶手椅,5,家具
6,下,Recycle,stool,/stuːl/,n.,凳子,5,家具
6,下,Recycle,bench,/bentʃ/,n.,长凳,5,家具
6,下,Recycle,furniture,/ˈfɜːnɪtʃə(r)/,n.,家具,5,家具
6,下,Recycle,appliance,/əˈplaɪəns/,n.,电器,5,家具
6,下,Recycle,oven,/ˈʌvn/,n.,烤箱,5,家具
6,下,Recycle,microwave,/ˈmaɪkrəweɪv/,n.,微波炉,5,家具
6,下,Recycle,kettle,/ˈketl/,n.,水壶,5,家具
6,下,Recycle,vacuum,/ˈvækjuːm/,n.,吸尘器,5,家具
6,下,Recycle,iron,/ˈaɪən/,n.,熨斗,5,家具
6,下,Recycle,heater,/ˈhiːtə(r)/,n.,加热器,5,家具
6,下,Recycle,plug,/plʌɡ/,n.,插头,5,家具
6,下,Recycle,socket,/ˈsɒkɪt/,n.,插座,5,家具
6,下,Recycle,switch,/swɪtʃ/,n.,开关,5,家具
6,下,Recycle,bulb,/bʌlb/,n.,灯泡,5,家具
6,下,Recycle,torch,/tɔːtʃ/,n.,手电筒,5,物品
6,下,Recycle,wallet,/ˈwɒlɪt/,n.,钱包,5,物品
6,下,Recycle,purse,/pɜːs/,n.,女式钱包,5,物品
6,下,Recycle,handbag,/ˈhændbæɡ/,n.,手提包,5,物品
6,下,Recycle,backpack,/ˈbækpæk/,n.,背包,5,物品
6,下,Recycle,suitcase,/ˈsuːtkeɪs/,n.,手提箱,5,物品
6,下,Recycle,briefcase,/ˈbriːfkeɪs/,n.,公文包,5,物品
6,下,Recycle,pocket,/ˈpɒkɪt/,n.,口袋,5,衣物
6,下,Recycle,button,/ˈbʌtn/,n.,纽扣,5,衣物
6,下,Recycle,zipper,/ˈzɪpə(r)/,n.,拉链,5,衣物
6,下,Recycle,belt,/belt/,n.,腰带,5,衣物
6,下,Recycle,tie,/taɪ/,n.,领带,5,衣物
6,下,Recycle,necklace,/ˈnekləs/,n.,项链,5,衣物
6,下,Recycle,bracelet,/ˈbreɪslət/,n.,手镯,5,衣物
6,下,Recycle,ring,/rɪŋ/,n.,戒指,5,衣物
6,下,Recycle,earring,/ˈɪərɪŋ/,n.,耳环,5,衣物
6,下,Recycle,boots,/buːts/,n.,靴子,5,衣物
6,下,Recycle,sandals,/ˈsændlz/,n.,凉鞋,5,衣物
6,下,Recycle,slippers,/ˈslɪpəz/,n.,拖鞋,5,衣物
6,下,Recycle,sneakers,/ˈsniːkəz/,n.,运动鞋,5,衣物
6,下,Recycle,uniform,/ˈjuːnɪfɔːm/,n.,制服,5,衣物
6,下,Recycle,costume,/ˈkɒstjuːm/,n.,服装,5,衣物
6,下,Recycle,suit,/suːt/,n.,西装,5,衣物
6,下,Recycle,coat,/kəʊt/,n.,外套,5,衣物
6,下,Recycle,overcoat,/ˈəʊvəkəʊt/,n.,大衣,5,衣物
6,下,Recycle,raincoat,/ˈreɪnkəʊt/,n.,雨衣,5,衣物
6,下,Recycle,vest,/vest/,n.,背心,5,衣物
6,下,Recycle,blouse,/blaʊz/,n.,女衬衫,5,衣物
6,下,Recycle,hoodie,/ˈhʊdi/,n.,连帽衫,5,衣物
6,下,Recycle,pajamas,/pəˈdʒɑːməz/,n.,睡衣,5,衣物
6,下,Recycle,cotton,/ˈkɒtn/,n.,棉,5,衣物
6,下,Recycle,wool,/wʊl/,n.,羊毛,5,衣物
6,下,Recycle,silk,/sɪlk/,n.,丝绸,5,衣物
6,下,Recycle,leather,/ˈleðə(r)/,n.,皮革,5,衣物
6,下,Recycle,denim,/ˈdenɪm/,n.,牛仔布,5,衣物
6,下,Recycle,fabric,/ˈfæbrɪk/,n.,织物,5,衣物
6,下,Recycle,material,/məˈtɪəriəl/,n.,材料,5,常用词
6,下,Recycle,pattern,/ˈpætn/,n.,图案,5,常用词
6,下,Recycle,stripe,/straɪp/,n.,条纹,5,常用词
6,下,Recycle,elegant,/ˈelɪɡənt/,adj.,优雅的,5,形容词
6,下,Recycle,stylish,/ˈstaɪlɪʃ/,adj.,时髦的,5,形容词
6,下,Recycle,fashionable,/ˈfæʃnəbl/,adj.,时尚的,5,形容词
6,下,Recycle,casual,/ˈkæʒuəl/,adj.,休闲的,5,形容词
6,下,Recycle,formal,/ˈfɔːml/,adj.,正式的,5,形容词
6,下,Recycle,comfortable,/ˈkʌmftəbl/,adj.,舒适的,5,形容词
6,下,Recycle,cozy,/ˈkəʊzi/,adj.,舒适的,5,形容词
6,下,Recycle,soft,/sɒft/,adj.,柔软的,5,形容词
6,下,Recycle,smooth,/smuːð/,adj.,光滑的,5,形容词
6,下,Recycle,rough,/rʌf/,adj.,粗糙的,5,形容词
6,下,Recycle,sharp,/ʃɑːp/,adj.,锋利的,5,形容词
6,下,Recycle,blunt,/blʌnt/,adj.,钝的,5,形容词
6,下,Recycle,flat,/flæt/,adj.,平的,5,形容词
6,下,Recycle,round,/raʊnd/,adj.,圆的,5,形容词
6,下,Recycle,square,/skweə(r)/,adj.,方形的,5,形容词
6,下,Recycle,triangular,/traɪˈæŋɡjələ(r)/,adj.,三角形的,5,形容词
6,下,Recycle,rectangular,/rekˈtæŋɡjələ(r)/,adj.,长方形的,5,形容词
6,下,Recycle,circular,/ˈsɜːkjələ(r)/,adj.,圆形的,5,形容词
6,下,Recycle,oval,/ˈəʊvl/,adj.,椭圆的,5,形容词
6,下,Recycle,curved,/kɜːvd/,adj.,弯曲的,5,形容词
6,下,Recycle,vertical,/ˈvɜːtɪkl/,adj.,垂直的,5,形容词
6,下,Recycle,horizontal,/ˌhɒrɪˈzɒntl/,adj.,水平的,5,形容词
6,下,Recycle,parallel,/ˈpærəlel/,adj.,平行的,5,形容词
6,下,Recycle,symmetrical,/sɪˈmetrɪkl/,adj.,对称的,5,形容词
6,下,Recycle,regular,/ˈreɡjələ(r)/,adj.,规则的,5,形容词
6,下,Recycle,irregular,/ɪˈreɡjələ(r)/,adj.,不规则的,5,形容词
6,下,Recycle,strange,/streɪndʒ/,adj.,奇怪的,5,形容词
6,下,Recycle,unusual,/ʌnˈjuːʒuəl/,adj.,不寻常的,5,形容词
6,下,Recycle,ordinary,/ˈɔːdnri/,adj.,平凡的,5,形容词
6,下,Recycle,unique,/juˈniːk/,adj.,独特的,5,形容词
6,下,Recycle,rare,/reə(r)/,adj.,稀有的,5,形容词
6,下,Recycle,precious,/ˈpreʃəs/,adj.,珍贵的,5,形容词
6,下,Recycle,valuable,/ˈvæljuəbl/,adj.,有价值的,5,形容词
6,下,Recycle,worthless,/ˈwɜːθləs/,adj.,无价值的,5,形容词
6,下,Recycle,useful,/ˈjuːsfl/,adj.,有用的,5,形容词
6,下,Recycle,useless,/ˈjuːsləs/,adj.,无用的,5,形容词
6,下,Recycle,practical,/ˈpræktɪkl/,adj.,实用的,5,形容词
6,下,Recycle,convenient,/kənˈviːniənt/,adj.,方便的,5,形容词
6,下,Recycle,available,/əˈveɪləbl/,adj.,可用的,5,形容词
6,下,Recycle,accessible,/əkˈsesəbl/,adj.,可进入的,5,形容词
6,下,Recycle,necessary,/ˈnesəsəri/,adj.,必要的,5,形容词
6,下,Recycle,essential,/ɪˈsenʃl/,adj.,必不可少的,5,形容词
6,下,Recycle,possible,/ˈpɒsəbl/,adj.,可能的,5,形容词
6,下,Recycle,impossible,/ɪmˈpɒsəbl/,adj.,不可能的,5,形容词
6,下,Recycle,probable,/ˈprɒbəbl/,adj.,很可能的,5,形容词
6,下,Recycle,likely,/ˈlaɪkli/,adj.,可能的,5,形容词
6,下,Recycle,uncertain,/ʌnˈsɜːtn/,adj.,不确定的,5,形容词
6,下,Recycle,sure,/ʃʊə(r)/,adj.,确信的,5,形容词
6,下,Recycle,certain,/ˈsɜːtn/,adj.,确定的,5,形容词
6,下,Recycle,obvious,/ˈɒbviəs/,adj.,明显的,5,形容词
6,下,Recycle,evident,/ˈevɪdənt/,adj.,明显的,5,形容词
6,下,Recycle,apparent,/əˈpærənt/,adj.,显然的,5,形容词
6,下,Recycle,visible,/ˈvɪzəbl/,adj.,可见的,5,形容词
6,下,Recycle,invisible,/ɪnˈvɪzəbl/,adj.,看不见的,5,形容词
6,下,Recycle,transparent,/trænsˈpærənt/,adj.,透明的,5,形容词
6,下,Recycle,bright,/braɪt/,adj.,明亮的,5,形容词
6,下,Recycle,dark,/dɑːk/,adj.,黑暗的,5,形容词
6,下,Recycle,dim,/dɪm/,adj.,昏暗的,5,形容词
6,下,Recycle,shiny,/ˈʃaɪni/,adj.,闪亮的,5,形容词
6,下,Recycle,dull,/dʌl/,adj.,暗淡的,5,形容词
6,下,Recycle,pale,/peɪl/,adj.,苍白的,5,形容词
6,下,Recycle,deep,/diːp/,adj.,深的,5,形容词
6,下,Recycle,shallow,/ˈʃæləʊ/,adj.,浅的,5,形容词
6,下,Recycle,wide,/waɪd/,adj.,宽的,5,形容词
6,下,Recycle,narrow,/ˈnærəʊ/,adj.,窄的,5,形容词
6,下,Recycle,thick,/θɪk/,adj.,厚的,5,形容词
6,下,Recycle,empty,/ˈempti/,adj.,空的,5,形容词
6,下,Recycle,full,/fʊl/,adj.,满的,5,形容词
6,下,Recycle,heavy,/ˈhevi/,adj.,重的,5,形容词
6,下,Recycle,firm,/fɜːm/,adj.,坚固的,5,形容词
6,下,Recycle,loose,/luːs/,adj.,松的,5,形容词
6,下,Recycle,tight,/taɪt/,adj.,紧的,5,形容词
6,下,Recycle,gentle,/ˈdʒentl/,adj.,温柔的,5,形容词
6,下,Recycle,rude,/ruːd/,adj.,粗鲁的,5,形容词
6,下,Recycle,brave,/breɪv/,adj.,勇敢的,5,形容词
6,下,Recycle,cowardly,/ˈkaʊədli/,adj.,胆小的,5,形容词
6,下,Recycle,confident,/ˈkɒnfɪdənt/,adj.,自信的,5,形容词
6,下,Recycle,modest,/ˈmɒdɪst/,adj.,谦虚的,5,形容词
6,下,Recycle,humble,/ˈhʌmbl/,adj.,谦逊的,5,形容词
6,下,Recycle,honest,/ˈɒnɪst/,adj.,诚实的,5,形容词
6,下,Recycle,dishonest,/dɪsˈɒnɪst/,adj.,不诚实的,5,形容词
6,下,Recycle,loyal,/ˈlɔɪəl/,adj.,忠诚的,5,形容词
6,下,Recycle,faithful,/ˈfeɪθfl/,adj.,忠实的,5,形容词
6,下,Recycle,generous,/ˈdʒenərəs/,adj.,慷慨的,5,形容词
6,下,Recycle,selfish,/ˈselfɪʃ/,adj.,自私的,5,形容词
6,下,Recycle,patient,/ˈpeɪʃnt/,adj.,耐心的,5,形容词
6,下,Recycle,impatient,/ɪmˈpeɪʃnt/,adj.,不耐烦的,5,形容词
6,下,Recycle,careless,/ˈkeələs/,adj.,粗心的,5,形容词
6,下,Recycle,responsible,/rɪˈspɒnsəbl/,adj.,负责任的,5,形容词
6,下,Recycle,reliable,/rɪˈlaɪəbl/,adj.,可靠的,5,形容词
6,下,Recycle,trustworthy,/ˈtrʌstwɜːði/,adj.,值得信赖的,5,形容词
6,下,Recycle,sensible,/ˈsensəbl/,adj.,明智的,5,形容词
6,下,Recycle,wise,/waɪz/,adj.,聪明的,5,形容词
6,下,Recycle,stupid,/ˈstjuːpɪd/,adj.,愚蠢的,5,形容词
6,下,Recycle,silly,/ˈsɪli/,adj.,傻的,5,形容词
6,下,Recycle,brilliant,/ˈbrɪliənt/,adj.,杰出的,5,形容词
6,下,Recycle,imaginative,/ɪˈmædʒɪnətɪv/,adj.,富有想象力的,5,形容词
6,下,Recycle,original,/əˈrɪdʒənl/,adj.,原创的,5,形容词
6,下,Recycle,curious,/ˈkjʊəriəs/,adj.,好奇的,5,形容词
6,下,Recycle,eager,/ˈiːɡə(r)/,adj.,渴望的,5,形容词
6,下,Recycle,keen,/kiːn/,adj.,热衷的,5,形容词
6,下,Recycle,enthusiastic,/ɪnˌθjuːziˈæstɪk/,adj.,热情的,5,形容词
6,下,Recycle,passionate,/ˈpæʃənət/,adj.,充满激情的,5,形容词
6,下,Recycle,indifferent,/ɪnˈdɪfrənt/,adj.,漠不关心的,5,形容词
6,下,Recycle,boring,/ˈbɔːrɪŋ/,adj.,无聊的,5,形容词
6,下,Recycle,exciting,/ɪkˈsaɪtɪŋ/,adj.,令人兴奋的,5,形容词
6,下,Recycle,amazing,/əˈmeɪzɪŋ/,adj.,令人惊奇的,5,形容词
6,下,Recycle,astonishing,/əˈstɒnɪʃɪŋ/,adj.,令人惊讶的,5,形容词
6,下,Recycle,frightening,/ˈfraɪtnɪŋ/,adj.,令人害怕的,5,形容词
6,下,Recycle,terrifying,/ˈterɪfaɪɪŋ/,adj.,可怕的,5,形容词
6,下,Recycle,horrible,/ˈhɒrəbl/,adj.,可怕的,5,形容词
6,下,Recycle,awful,/ˈɔːfl/,adj.,糟糕的,5,形容词
6,下,Recycle,terrible,/ˈterəbl/,adj.,可怕的,5,形容词
6,下,Recycle,fantastic,/fænˈtæstɪk/,adj.,极好的,5,形容词
6,下,Recycle,excellent,/ˈeksələnt/,adj.,优秀的,5,形容词
6,下,Recycle,outstanding,/aʊtˈstændɪŋ/,adj.,杰出的,5,形容词
6,下,Recycle,superb,/suːˈpɜːb/,adj.,极好的,5,形容词
6,下,Recycle,perfect,/ˈpɜːfɪkt/,adj.,完美的,5,形容词
6,下,Recycle,ideal,/aɪˈdiːəl/,adj.,理想的,5,形容词
6,下,Recycle,average,/ˈævərɪdʒ/,adj.,平均的,5,形容词
6,下,Recycle,standard,/ˈstændəd/,adj.,标准的,5,形容词
6,下,Recycle,proper,/ˈprɒpə(r)/,adj.,适当的,5,形容词
6,下,Recycle,suitable,/ˈsuːtəbl/,adj.,合适的,5,形容词
6,下,Recycle,appropriate,/əˈprəʊpriət/,adj.,恰当的,5,形容词
6,下,Recycle,accurate,/ˈækjərət/,adj.,精确的,5,形容词
6,下,Recycle,exact,/ɪɡˈzækt/,adj.,确切的,5,形容词
6,下,Recycle,precise,/prɪˈsaɪs/,adj.,精确的,5,形容词
6,下,Recycle,mistaken,/mɪˈsteɪkən/,adj.,错误的,5,形容词
6,下,Recycle,false,/fɔːls/,adj.,错误的,5,形容词
6,下,Recycle,genuine,/ˈdʒenjuɪn/,adj.,真正的,5,形容词
6,下,Recycle,authentic,/ɔːˈθentɪk/,adj.,正宗的,5,形容词
6,下,Recycle,organic,/ɔːˈɡænɪk/,adj.,有机的,5,形容词
6,下,Recycle,rotten,/ˈrɒtn/,adj.,腐烂的,5,形容词
6,下,Recycle,raw,/rɔː/,adj.,生的,5,形容词
6,下,Recycle,ripe,/raɪp/,adj.,成熟的,5,形容词
6,下,Recycle,sour,/ˈsaʊə(r)/,adj.,酸的,5,形容词
6,下,Recycle,bitter,/ˈbɪtə(r)/,adj.,苦的,5,形容词
6,下,Recycle,salty,/ˈsɔːlti/,adj.,咸的,5,形容词
6,下,Recycle,spicy,/ˈspaɪsi/,adj.,辣的,5,形容词
6,下,Recycle,greasy,/ˈɡriːsi/,adj.,油腻的,5,形容词
6,下,Recycle,crispy,/ˈkrɪspi/,adj.,脆的,5,形容词
6,下,Recycle,tender,/ˈtendə(r)/,adj.,嫩的,5,形容词
6,下,Recycle,juicy,/ˈdʒuːsi/,adj.,多汁的,5,形容词
6,下,Recycle,tasty,/ˈteɪsti/,adj.,好吃的,5,形容词
6,下,Recycle,yummy,/ˈjʌmi/,adj.,好吃的,5,形容词
6,下,Recycle,disgusting,/dɪsˈɡʌstɪŋ/,adj.,令人作呕的,5,形容词
6,下,Recycle,nutritious,/njuˈtrɪʃəs/,adj.,有营养的,5,形容词
6,下,Recycle,grain,/ɡreɪn/,n.,谷物,5,食物
6,下,Recycle,wheat,/wiːt/,n.,小麦,5,食物
6,下,Recycle,oat,/əʊt/,n.,燕麦,5,食物
6,下,Recycle,corn,/kɔːn/,n.,玉米,5,食物
6,下,Recycle,flour,/ˈflaʊə(r)/,n.,面粉,5,食物
6,下,Recycle,butter,/ˈbʌtə(r)/,n.,黄油,5,食物
6,下,Recycle,cheese,/tʃiːz/,n.,奶酪,5,食物
6,下,Recycle,yogurt,/ˈjɒɡət/,n.,酸奶,5,食物
6,下,Recycle,cream,/kriːm/,n.,奶油,5,食物
6,下,Recycle,juice,/dʒuːs/,n.,果汁,5,饮料
6,下,Recycle,coffee,/ˈkɒfi/,n.,咖啡,5,饮料
6,下,Recycle,soda,/ˈsəʊdə/,n.,苏打水,5,饮料
6,下,Recycle,lemonade,/ˌleməˈneɪd/,n.,柠檬水,5,饮料
6,下,Recycle,smoothie,/ˈsmuːði/,n.,冰沙,5,饮料
6,下,Recycle,sugar,/ˈʃʊɡə(r)/,n.,糖,5,食物
6,下,Recycle,salt,/sɔːlt/,n.,盐,5,食物
6,下,Recycle,pepper,/ˈpepə(r)/,n.,胡椒,5,食物
6,下,Recycle,oil,/ɔɪl/,n.,油,5,食物
6,下,Recycle,vinegar,/ˈvɪnɪɡə(r)/,n.,醋,5,食物
6,下,Recycle,sauce,/sɔːs/,n.,酱汁,5,食物
6,下,Recycle,honey,/ˈhʌni/,n.,蜂蜜,5,食物
6,下,Recycle,jam,/dʒæm/,n.,果酱,5,食物
6,下,Recycle,peanut,/ˈpiːnʌt/,n.,花生,5,食物
6,下,Recycle,almond,/ˈɑːmənd/,n.,杏仁,5,食物
6,下,Recycle,walnut,/ˈwɔːlnʌt/,n.,核桃,5,食物
6,下,Recycle,seed,/siːd/,n.,种子,5,自然
6,下,Recycle,root,/ruːt/,n.,根,5,自然
6,下,Recycle,stem,/stem/,n.,茎,5,自然
6,下,Recycle,leaf,/liːf/,n.,叶子,5,自然
6,下,Recycle,branch,/brɑːntʃ/,n.,树枝,5,自然
6,下,Recycle,trunk,/trʌŋk/,n.,树干,5,自然
6,下,Recycle,bark,/bɑːk/,n.,树皮,5,自然
6,下,Recycle,petal,/ˈpetl/,n.,花瓣,5,自然
6,下,Recycle,rose,/rəʊz/,n.,玫瑰,5,自然
6,下,Recycle,lily,/ˈlɪli/,n.,百合,5,自然
6,下,Recycle,tulip,/ˈtjuːlɪp/,n.,郁金香,5,自然
6,下,Recycle,sunflower,/ˈsʌnflaʊə(r)/,n.,向日葵,5,自然
6,下,Recycle,daisy,/ˈdeɪzi/,n.,雏菊,5,自然
6,下,Recycle,orchid,/ˈɔːkɪd/,n.,兰花,5,自然
6,下,Recycle,jasmine,/ˈdʒæzmɪn/,n.,茉莉,5,自然
6,下,Recycle,lotus,/ˈləʊtəs/,n.,荷花,5,自然
6,下,Recycle,weed,/wiːd/,n.,杂草,5,自然
6,下,Recycle,moss,/mɒs/,n.,苔藓,5,自然
6,下,Recycle,fern,/fɜːn/,n.,蕨类植物,5,自然
6,下,Recycle,cactus,/ˈkæktəs/,n.,仙人掌,5,自然
6,下,Recycle,bamboo,/ˌbæmˈbuː/,n.,竹子,5,自然
6,下,Recycle,pine,/paɪn/,n.,松树,5,自然
6,下,Recycle,oak,/əʊk/,n.,橡树,5,自然
6,下,Recycle,maple,/ˈmeɪpl/,n.,枫树,5,自然
6,下,Recycle,willow,/ˈwɪləʊ/,n.,柳树,5,自然
6,下,Recycle,palm,/pɑːm/,n.,棕榈树,5,自然
6,下,Recycle,coconut,/ˈkəʊkənʌt/,n.,椰子,5,水果
6,下,Recycle,mango,/ˈmæŋɡəʊ/,n.,芒果,5,水果
6,下,Recycle,pineapple,/ˈpaɪnæpl/,n.,菠萝,5,水果
6,下,Recycle,papaya,/pəˈpaɪə/,n.,木瓜,5,水果
6,下,Recycle,kiwi,/ˈkiːwiː/,n.,猕猴桃,5,水果
6,下,Recycle,cherry,/ˈtʃeri/,n.,樱桃,5,水果
6,下,Recycle,lemon,/ˈlemən/,n.,柠檬,5,水果
6,下,Recycle,lime,/laɪm/,n.,酸橙,5,水果
6,下,Recycle,grapefruit,/ˈɡreɪpfruːt/,n.,柚子,5,水果
6,下,Recycle,plum,/plʌm/,n.,李子,5,水果
6,下,Recycle,apricot,/ˈeɪprɪkɒt/,n.,杏,5,水果
6,下,Recycle,blueberry,/ˈbluːbəri/,n.,蓝莓,5,水果
6,下,Recycle,raspberry,/ˈrɑːzbəri/,n.,覆盆子,5,水果
6,下,Recycle,melon,/ˈmelən/,n.,瓜,5,水果
6,下,Recycle,cabbage,/ˈkæbɪdʒ/,n.,卷心菜,5,食物
6,下,Recycle,lettuce,/ˈletɪs/,n.,生菜,5,食物
6,下,Recycle,spinach,/ˈspɪnɪtʃ/,n.,菠菜,5,食物
6,下,Recycle,broccoli,/ˈbrɒkəli/,n.,西兰花,5,食物
6,下,Recycle,cauliflower,/ˈkɒliflaʊə(r)/,n.,花椰菜,5,食物
6,下,Recycle,cucumber,/ˈkjuːkʌmbə(r)/,n.,黄瓜,5,食物
6,下,Recycle,pumpkin,/ˈpʌmpkɪn/,n.,南瓜,5,食物
6,下,Recycle,onion,/ˈʌnjən/,n.,洋葱,5,食物
6,下,Recycle,garlic,/ˈɡɑːlɪk/,n.,大蒜,5,食物
6,下,Recycle,ginger,/ˈdʒɪndʒə(r)/,n.,姜,5,食物
6,下,Recycle,chili,/ˈtʃɪli/,n.,辣椒,5,食物
6,下,Recycle,pea,/piː/,n.,豌豆,5,食物
6,下,Recycle,mushroom,/ˈmʌʃruːm/,n.,蘑菇,5,食物
6,下,Recycle,eggplant,/ˈeɡplɑːnt/,n.,茄子,5,食物
6,下,Recycle,celery,/ˈseləri/,n.,芹菜,5,食物
6,下,Recycle,asparagus,/əˈspærəɡəs/,n.,芦笋,5,食物
6,下,Recycle,radish,/ˈrædɪʃ/,n.,萝卜,5,食物
6,下,Recycle,ingredient,/ɪnˈɡriːdiənt/,n.,配料,5,食物
6,下,Recycle,recipe,/ˈresəpi/,n.,食谱,5,食物
6,下,Recycle,meal,/miːl/,n.,一餐,5,食物
6,下,Recycle,snack,/snæk/,n.,零食,5,食物
6,下,Recycle,dessert,/dɪˈzɜːt/,n.,甜点,5,食物
6,下,Recycle,cake,/keɪk/,n.,蛋糕,5,食物
6,下,Recycle,cookie,/ˈkʊki/,n.,饼干,5,食物
6,下,Recycle,biscuit,/ˈbɪskɪt/,n.,饼干,5,食物
6,下,Recycle,pie,/paɪ/,n.,馅饼,5,食物
6,下,Recycle,pudding,/ˈpʊdɪŋ/,n.,布丁,5,食物
6,下,Recycle,chocolate,/ˈtʃɒklət/,n.,巧克力,5,食物
6,下,Recycle,dumpling,/ˈdʌmplɪŋ/,n.,饺子,5,食物
6,下,Recycle,pancake,/ˈpænkeɪk/,n.,薄饼,5,食物
6,下,Recycle,sausage,/ˈsɒsɪdʒ/,n.,香肠,5,食物
6,下,Recycle,bacon,/ˈbeɪkən/,n.,培根,5,食物
6,下,Recycle,ham,/hæm/,n.,火腿,5,食物
6,下,Recycle,steak,/steɪk/,n.,牛排,5,食物
6,下,Recycle,roast,/rəʊst/,n.,烤肉,5,食物
6,下,Recycle,grill,/ɡrɪl/,v.,烧烤,5,动作
6,下,Recycle,fry,/fraɪ/,v.,油炸,5,动作
6,下,Recycle,boil,/bɔɪl/,v.,煮沸,5,动作
6,下,Recycle,steam,/stiːm/,v.,蒸,5,动作
6,下,Recycle,bake,/beɪk/,v.,烘焙,5,动作
6,下,Recycle,stir,/stɜː(r)/,v.,搅拌,5,动作
6,下,Recycle,mix,/mɪks/,v.,混合,5,动作
6,下,Recycle,pour,/pɔː(r)/,v.,倒,5,动作
6,下,Recycle,slice,/slaɪs/,v.,切片,5,动作
6,下,Recycle,peel,/piːl/,v.,削皮,5,动作
6,下,Recycle,squeeze,/skwiːz/,v.,挤压,5,动作
6,下,Recycle,knead,/niːd/,v.,揉,5,动作
6,下,Recycle,spread,/spred/,v.,涂抹,5,动作
6,下,Recycle,serve,/sɜːv/,v.,上菜,5,动作
6,下,Recycle,taste,/teɪst/,v.,品尝,5,动作
6,下,Recycle,chew,/tʃuː/,v.,咀嚼,5,动作
6,下,Recycle,swallow,/ˈswɒləʊ/,v.,吞咽,5,动作
6,下,Recycle,bite,/baɪt/,v.,咬,5,动作
6,下,Recycle,lick,/lɪk/,v.,舔,5,动作
6,下,Recycle,sip,/sɪp/,v.,啜饮,5,动作
6,下,Recycle,spill,/spɪl/,v.,洒出,5,动作
6,下,Recycle,drop,/drɒp/,v.,掉落,5,动作
6,下,Recycle,paragraph,/ˈpærəɡrɑːf/,n.,段落,5,学校
6,下,Recycle,sentence,/ˈsentəns/,n.,句子,5,学校
6,下,Recycle,phrase,/freɪz/,n.,短语,5,学校
6,下,Recycle,grammar,/ˈɡræmə(r)/,n.,语法,5,学校
6,下,Recycle,vocabulary,/vəˈkæbjələri/,n.,词汇,5,学校
6,下,Recycle,pronunciation,/prəˌnʌnsiˈeɪʃn/,n.,发音,5,学校
6,下,Recycle,alphabet,/ˈælfəbet/,n.,字母表,5,学校
6,下,Recycle,definition,/ˌdefɪˈnɪʃn/,n.,定义,5,学校
6,下,Recycle,explanation,/ˌekspləˈneɪʃn/,n.,解释,5,学校
6,下,Recycle,expression,/ɪkˈspreʃn/,n.,表达,5,学校
6,下,Recycle,idiom,/ˈɪdiəm/,n.,习语,5,学校
6,下,Recycle,proverb,/ˈprɒvɜːb/,n.,谚语,5,学校
6,下,Recycle,poem,/ˈpəʊɪm/,n.,诗,5,学校
6,下,Recycle,poetry,/ˈpəʊətri/,n.,诗歌,5,学校
6,下,Recycle,novel,/ˈnɒvl/,n.,小说,5,学校
6,下,Recycle,fiction,/ˈfɪkʃn/,n.,小说,5,学校
6,下,Recycle,biography,/baɪˈɒɡrəfi/,n.,传记,5,学校
6,下,Recycle,magazine,/ˌmæɡəˈziːn/,n.,杂志,5,学校
6,下,Recycle,newspaper,/ˈnjuːzpeɪpə(r)/,n.,报纸,5,学校
6,下,Recycle,headline,/ˈhedlaɪn/,n.,标题,5,学校
6,下,Recycle,advertisement,/ədˈvɜːtɪsmənt/,n.,广告,5,学校
6,下,Recycle,poster,/ˈpəʊstə(r)/,n.,海报,5,学校
6,下,Recycle,banner,/ˈbænə(r)/,n.,横幅,5,学校
6,下,Recycle,symbol,/ˈsɪmbl/,n.,象征,5,学校
6,下,Recycle,brand,/brænd/,n.,品牌,5,常用词
6,下,Recycle,product,/ˈprɒdʌkt/,n.,产品,5,常用词
6,下,Recycle,goods,/ɡʊdz/,n.,货物,5,常用词
6,下,Recycle,item,/ˈaɪtəm/,n.,物品,5,常用词
6,下,Recycle,object,/ˈɒbdʒɪkt/,n.,物体,5,常用词
6,下,Recycle,matter,/ˈmætə(r)/,n.,事情,5,常用词
6,下,Recycle,affair,/əˈfeə(r)/,n.,事务,5,常用词
6,下,Recycle,company,/ˈkʌmpəni/,n.,公司,5,常用词
6,下,Recycle,organization,/ˌɔːɡənaɪˈzeɪʃn/,n.,组织,5,常用词
6,下,Recycle,institution,/ˌɪnstɪˈtjuːʃn/,n.,机构,5,常用词
6,下,Recycle,association,/əˌsəʊsiˈeɪʃn/,n.,协会,5,常用词
6,下,Recycle,community,/kəˈmjuːnəti/,n.,社区,5,常用词
6,下,Recycle,neighborhood,/ˈneɪbəhʊd/,n.,街区,5,常用词
6,下,Recycle,district,/ˈdɪstrɪkt/,n.,区,5,常用词
6,下,Recycle,region,/ˈriːdʒən/,n.,地区,5,常用词
6,下,Recycle,zone,/zəʊn/,n.,区域,5,常用词
6,下,Recycle,territory,/ˈterətri/,n.,领土,5,常用词
6,下,Recycle,nation,/ˈneɪʃn/,n.,民族,5,常用词
6,下,Recycle,province,/ˈprɒvɪns/,n.,省,5,常用词
6,下,Recycle,capital,/ˈkæpɪtl/,n.,首都,5,常用词
6,下,Recycle,downtown,/ˌdaʊnˈtaʊn/,n.,市中心,5,常用词
6,下,Recycle,suburb,/ˈsʌbɜːb/,n.,郊区,5,常用词
6,下,Recycle,countryside,/ˈkʌntrisaɪd/,n.,乡村,5,常用词
6,下,Recycle,rural,/ˈrʊərəl/,adj.,农村的,5,形容词
6,下,Recycle,urban,/ˈɜːbən/,adj.,城市的,5,形容词
6,下,Recycle,local,/ˈləʊkl/,adj.,当地的,5,形容词
6,下,Recycle,national,/ˈnæʃnəl/,adj.,国家的,5,形容词
6,下,Recycle,international,/ˌɪntəˈnæʃnəl/,adj.,国际的,5,形容词
6,下,Recycle,global,/ˈɡləʊbl/,adj.,全球的,5,形容词
6,下,Recycle,foreign,/ˈfɒrən/,adj.,外国的,5,形容词
6,下,Recycle,domestic,/dəˈmestɪk/,adj.,国内的,5,形容词
6,下,Recycle,native,/ˈneɪtɪv/,adj.,本地的,5,形容词
6,下,Recycle,official,/əˈfɪʃl/,adj.,官方的,5,形容词
6,下,Recycle,public,/ˈpʌblɪk/,adj.,公共的,5,形容词
6,下,Recycle,private,/ˈpraɪvət/,adj.,私人的,5,形容词
6,下,Recycle,personal,/ˈpɜːsənl/,adj.,个人的,5,形容词
6,下,Recycle,individual,/ˌɪndɪˈvɪdʒuəl/,adj.,个人的,5,形容词
6,下,Recycle,social,/ˈsəʊʃl/,adj.,社会的,5,形容词
6,下,Recycle,cultural,/ˈkʌltʃərəl/,adj.,文化的,5,形容词
6,下,Recycle,political,/pəˈlɪtɪkl/,adj.,政治的,5,形容词
6,下,Recycle,economic,/ˌiːkəˈnɒmɪk/,adj.,经济的,5,形容词
6,下,Recycle,financial,/faɪˈnænʃl/,adj.,金融的,5,形容词
6,下,Recycle,industrial,/ɪnˈdʌstriəl/,adj.,工业的,5,形容词
6,下,Recycle,agricultural,/ˌæɡrɪˈkʌltʃərəl/,adj.,农业的,5,形容词
6,下,Recycle,environmental,/ɪnˌvaɪrənˈmentl/,adj.,环境的,5,形容词
6,下,Recycle,educational,/ˌedʒuˈkeɪʃənl/,adj.,教育的,5,形容词
6,下,Recycle,academic,/ˌækəˈdemɪk/,adj.,学术的,5,形容词
6,下,Recycle,professional,/prəˈfeʃənl/,adj.,专业的,5,形容词
6,下,Recycle,technical,/ˈteknɪkl/,adj.,技术的,5,形容词
6,下,Recycle,theoretical,/ˌθɪəˈretɪkl/,adj.,理论的,5,形容词
6,下,Recycle,abstract,/ˈæbstrækt/,adj.,抽象的,5,形容词
6,下,Recycle,concrete,/ˈkɒŋkriːt/,adj.,具体的,5,形容词
6,下,Recycle,general,/ˈdʒenrəl/,adj.,一般的,5,形容词
6,下,Recycle,specific,/spəˈsɪfɪk/,adj.,具体的,5,形容词
6,下,Recycle,particular,/pəˈtɪkjələ(r)/,adj.,特定的,5,形容词
6,下,Recycle,major,/ˈmeɪdʒə(r)/,adj.,主要的,5,形容词
6,下,Recycle,minor,/ˈmaɪnə(r)/,adj.,次要的,5,形容词
6,下,Recycle,primary,/ˈpraɪməri/,adj.,主要的,5,形容词
6,下,Recycle,secondary,/ˈsekəndri/,adj.,次要的,5,形容词
6,下,Recycle,basic,/ˈbeɪsɪk/,adj.,基本的,5,形容词
6,下,Recycle,fundamental,/ˌfʌndəˈmentl/,adj.,根本的,5,形容词
6,下,Recycle,elementary,/ˌelɪˈmentri/,adj.,初级的,5,形容词
6,下,Recycle,advanced,/ədˈvɑːnst/,adj.,高级的,5,形容词
6,下,Recycle,complex,/ˈkɒmpleks/,adj.,复杂的,5,形容词
6,下,Recycle,complicated,/ˈkɒmplɪkeɪtɪd/,adj.,复杂的,5,形容词
6,下,Recycle,challenging,/ˈtʃælɪndʒɪŋ/,adj.,有挑战性的,5,形容词
6,下,Recycle,demanding,/dɪˈmɑːndɪŋ/,adj.,要求高的,5,形容词
6,下,Recycle,successful,/səkˈsesfl/,adj.,成功的,5,形容词
6,下,Recycle,effective,/ɪˈfektɪv/,adj.,有效的,5,形容词
6,下,Recycle,efficient,/ɪˈfɪʃnt/,adj.,高效的,5,形容词
6,下,Recycle,productive,/prəˈdʌktɪv/,adj.,多产的,5,形容词
6,下,Recycle,innovative,/ˈɪnəveɪtɪv/,adj.,创新的,5,形容词
6,下,Recycle,conventional,/kənˈvenʃənl/,adj.,传统的,5,形容词
6,下,Recycle,contemporary,/kənˈtemprəri/,adj.,当代的,5,形容词
6,下,Recycle,historic,/hɪˈstɒrɪk/,adj.,历史性的,5,形容词
6,下,Recycle,historical,/hɪˈstɒrɪkl/,adj.,历史的,5,形容词
6,下,Recycle,memorable,/ˈmemərəbl/,adj.,难忘的,5,形容词
6,下,Recycle,unforgettable,/ˌʌnfəˈɡetəbl/,adj.,难忘的,5,形容词
6,下,Recycle,impressive,/ɪmˈpresɪv/,adj.,令人印象深刻的,5,形容词
6,下,Recycle,remarkable,/rɪˈmɑːkəbl/,adj.,非凡的,5,形容词
6,下,Recycle,extraordinary,/ɪkˈstrɔːdnri/,adj.,非凡的,5,形容词
6,下,Recycle,odd,/ɒd/,adj.,古怪的,5,形容词
6,下,Recycle,weird,/wɪəd/,adj.,怪异的,5,形容词
6,下,Recycle,steady,/ˈstedi/,adj.,稳定的,5,形容词
6,下,Recycle,stable,/ˈsteɪbl/,adj.,稳定的,5,形容词
6,下,Recycle,constant,/ˈkɒnstənt/,adj.,持续的,5,形容词
6,下,Recycle,continuous,/kənˈtɪnjuəs/,adj.,连续的,5,形容词
6,下,Recycle,gradual,/ˈɡrædʒuəl/,adj.,逐渐的,5,形容词
6,下,Recycle,sudden,/ˈsʌdn/,adj.,突然的,5,形容词
6,下,Recycle,rapid,/ˈræpɪd/,adj.,快速的,5,形容词
6,下,Recycle,swift,/swɪft/,adj.,迅速的,5,形容词
6,下,Recycle,leisurely,/ˈleʒəli/,adj.,悠闲的,5,形容词
6,下,Recycle,hasty,/ˈheɪsti/,adj.,匆忙的,5,形容词
6,下,Recycle,urgent,/ˈɜːdʒənt/,adj.,紧急的,5,形容词
6,下,Recycle,immediate,/ɪˈmiːdiət/,adj.,立即的,5,形容词
6,下,Recycle,instant,/ˈɪnstənt/,adj.,即时的,5,形容词
6,下,Recycle,prompt,/prɒmpt/,adj.,迅速的,5,形容词
6,下,Recycle,punctual,/ˈpʌŋktʃuəl/,adj.,准时的,5,形容词
6,下,Recycle,overdue,/ˌəʊvəˈdjuː/,adj.,逾期的,5,形容词
6,下,Recycle,annual,/ˈænjuəl/,adj.,每年的,5,时间
6,下,Recycle,hourly,/ˈaʊəli/,adj.,每小时的,5,时间
6,下,Recycle,permanent,/ˈpɜːmənənt/,adj.,永久的,5,时间
6,下,Recycle,temporary,/ˈtemprəri/,adj.,暂时的,5,时间
6,下,Recycle,brief,/briːf/,adj.,短暂的,5,时间
6,下,Recycle,endless,/ˈendləs/,adj.,无尽的,5,时间
6,下,Recycle,eternal,/ɪˈtɜːnl/,adj.,永恒的,5,时间
6,下,Recycle,forever,/fərˈevə(r)/,adv.,永远,5,时间
6,下,Recycle,occasionally,/əˈkeɪʒnəli/,adv.,偶尔,5,时间
6,下,Recycle,rarely,/ˈreəli/,adv.,很少,5,时间
6,下,Recycle,seldom,/ˈseldəm/,adv.,很少,5,时间
6,下,Recycle,ever,/ˈevə(r)/,adv.,曾经,5,时间
6,下,Recycle,yet,/jet/,adv.,还,5,时间
6,下,Recycle,anymore,/ˌeniˈmɔː(r)/,adv.,再也,5,时间
6,下,Recycle,formerly,/ˈfɔːməli/,adv.,以前,5,时间
6,下,Recycle,previously,/ˈpriːviəsli/,adv.,先前,5,时间
6,下,Recycle,initially,/ɪˈnɪʃəli/,adv.,最初,5,时间
6,下,Recycle,originally,/əˈrɪdʒənəli/,adv.,起初,5,时间
6,下,Recycle,eventually,/ɪˈventʃuəli/,adv.,最终,5,时间
6,下,Recycle,ultimately,/ˈʌltɪmətli/,adv.,最终,5,时间
6,下,Recycle,nowadays,/ˈnaʊədeɪz/,adv.,如今,5,时间
6,下,Recycle,currently,/ˈkʌrəntli/,adv.,目前,5,时间
6,下,Recycle,presently,/ˈprezntli/,adv.,目前,5,时间
6,下,Recycle,afterwards,/ˈɑːftəwədz/,adv.,后来,5,时间
6,下,Recycle,beforehand,/bɪˈfɔːhænd/,adv.,事先,5,时间
6,下,Recycle,throughout,/θruːˈaʊt/,prep.,贯穿,5,时间
6,下,Recycle,within,/wɪˈðɪn/,prep.,在……之内,5,时间
6,下,Recycle,beyond,/bɪˈjɒnd/,prep.,超出,5,时间
6,下,Recycle,since,/sɪns/,prep.,自从,5,时间
6,下,Recycle,till,/tɪl/,prep.,直到,5,时间
6,下,Recycle,past,/pɑːst/,prep.,经过,5,方位
6,下,Recycle,into,/ˈɪntuː/,prep.,进入,5,方位
6,下,Recycle,onto,/ˈɒntuː/,prep.,到……上,5,方位
6,下,Recycle,upon,/əˈpɒn/,prep.,在……上,5,方位
6,下,Recycle,below,/bɪˈləʊ/,prep.,在……下方,5,方位
6,下,Recycle,over,/ˈəʊvə(r)/,prep.,在……上方,5,方位
6,下,Recycle,beneath,/bɪˈniːθ/,prep.,在……之下,5,方位
6,下,Recycle,underneath,/ˌʌndəˈniːθ/,prep.,在……底下,5,方位
6,下,Recycle,besides,/bɪˈsaɪdz/,prep.,除……之外,5,方位
6,下,Recycle,except,/ɪkˈsept/,prep.,除了,5,方位
6,下,Recycle,inside,/ˌɪnˈsaɪd/,prep.,在……里面,5,方位
6,下,Recycle,outside,/ˌaʊtˈsaɪd/,prep.,在……外面,5,方位
6,下,Recycle,upstairs,/ˌʌpˈsteəz/,adv.,在楼上,5,方位
6,下,Recycle,downstairs,/ˌdaʊnˈsteəz/,adv.,在楼下,5,方位
6,下,Recycle,indoors,/ˌɪnˈdɔːz/,adv.,在室内,5,方位
6,下,Recycle,outdoors,/ˌaʊtˈdɔːz/,adv.,在户外,5,方位
6,下,Recycle,somewhere,/ˈsʌmweə(r)/,adv.,某处,5,方位
6,下,Recycle,anywhere,/ˈeniweə(r)/,adv.,任何地方,5,方位
6,下,Recycle,everywhere,/ˈevriweə(r)/,adv.,到处,5,方位
6,下,Recycle,nowhere,/ˈnəʊweə(r)/,adv.,无处,5,方位
6,下,Recycle,somebody,/ˈsʌmbədi/,pron.,某人,5,代词
6,下,Recycle,anybody,/ˈenibɒdi/,pron.,任何人,5,代词
6,下,Recycle,everybody,/ˈevribɒdi/,pron.,每个人,5,代词
6,下,Recycle,nobody,/ˈnəʊbədi/,pron.,没有人,5,代词
6,下,Recycle,something,/ˈsʌmθɪŋ/,pron.,某事,5,代词
6,下,Recycle,anything,/ˈeniθɪŋ/,pron.,任何事,5,代词
6,下,Recycle,everything,/ˈevriθɪŋ/,pron.,一切,5,代词
6,下,Recycle,someone,/ˈsʌmwʌn/,pron.,某人,5,代词
6,下,Recycle,anyone,/ˈeniwʌn/,pron.,任何人,5,代词
6,下,Recycle,everyone,/ˈevriwʌn/,pron.,每个人,5,代词
6,下,Recycle,whoever,/huːˈevə(r)/,pron.,无论谁,5,代词
6,下,Recycle,whatever,/wɒtˈevə(r)/,pron.,无论什么,5,代词
6,下,Recycle,whenever,/wenˈevə(r)/,adv.,无论何时,5,副词
6,下,Recycle,wherever,/weərˈevə(r)/,adv.,无论哪里,5,副词
6,下,Recycle,whichever,/wɪtʃˈevə(r)/,pron.,无论哪个,5,代词
6,下,Recycle,whom,/huːm/,pron.,谁（宾格）,5,疑问词
6,下,Recycle,whose,/huːz/,pron.,谁的,5,疑问词
6,下,Recycle,whom,/huːm/,pron.,谁（宾格）,5,疑问词
6,下,Recycle,excuse me,/ɪkˈskjuːz miː/,phr.,打扰一下,5,问候
6,下,Recycle,you're welcome,/jʊə ˈwelkəm/,phr.,不客气,5,问候
6,下,Recycle,no problem,/nəʊ ˈprɒbləm/,phr.,没问题,5,问候
6,下,Recycle,well done,/wel dʌn/,phr.,干得好,5,问候
6,下,Recycle,good luck,/ɡʊd lʌk/,phr.,祝好运,5,问候
6,下,Recycle,congratulations,/kənˌɡrætʃuˈleɪʃnz/,int.,祝贺,5,问候
6,下,Recycle,cheers,/tʃɪəz/,int.,干杯,5,问候
6,下,Recycle,take care,/teɪk keə(r)/,phr.,保重,5,问候
6,下,Recycle,see you later,/siː juː ˈleɪtə(r)/,phr.,回头见,5,问候
6,下,Recycle,have a good time,/hæv ə ɡʊd taɪm/,phr.,玩得开心,5,问候
6,下,Recycle,enjoy yourself,/ɪnˈdʒɔɪ jɔːˈself/,phr.,玩得开心,5,问候
6,下,Recycle,help yourself,/help jɔːˈself/,phr.,请自便,5,问候
6,下,Recycle,after you,/ˈɑːftə juː/,phr.,您先请,5,问候
6,下,Recycle,never mind,/ˈnevə maɪnd/,phr.,没关系,5,问候
6,下,Recycle,don't worry,/dəʊnt ˈwʌri/,phr.,别担心,5,问候
6,下,Recycle,calm down,/kɑːm daʊn/,phr.,冷静下来,5,问候
6,下,Recycle,cheer up,/tʃɪə ʌp/,phr.,振作起来,5,问候
6,下,Recycle,hurry up,/ˈhʌri ʌp/,phr.,快点,5,问候
6,下,Recycle,slow down,/sləʊ daʊn/,phr.,慢下来,5,问候
6,下,Recycle,wait a moment,/weɪt ə ˈməʊmənt/,phr.,等一下,5,问候
6,下,Recycle,hold on,/həʊld ɒn/,phr.,别挂断,5,问候
6,下,Recycle,hang up,/hæŋ ʌp/,phr.,挂断,5,问候
6,下,Recycle,call back,/kɔːl bæk/,phr.,回电话,5,问候
6,下,Recycle,speak up,/spiːk ʌp/,phr.,大声说,5,问候
6,下,Recycle,pardon,/ˈpɑːdn/,int.,请再说一遍,5,问候
6,下,Recycle,farewell,/ˌfeəˈwel/,int.,告别,5,问候
6,下,Recycle,greeting,/ˈɡriːtɪŋ/,n.,问候,5,问候
6,下,Recycle,introduction,/ˌɪntrəˈdʌkʃn/,n.,介绍,5,常用词
6,下,Recycle,conversation,/ˌkɒnvəˈseɪʃn/,n.,对话,5,常用词
6,下,Recycle,discussion,/dɪˈskʌʃn/,n.,讨论,5,常用词
6,下,Recycle,argument,/ˈɑːɡjumənt/,n.,争论,5,常用词
6,下,Recycle,agreement,/əˈɡriːmənt/,n.,协议,5,常用词
6,下,Recycle,conclusion,/kənˈkluːʒn/,n.,结论,5,常用词
6,下,Recycle,summary,/ˈsʌməri/,n.,总结,5,常用词
6,下,Recycle,repeat,/rɪˈpiːt/,v.,重复,5,动作
6,下,Recycle,apologize,/əˈpɒlədʒaɪz/,v.,道歉,5,动作
6,下,Recycle,forgive,/fəˈɡɪv/,v.,原谅,5,动作
6,下,Recycle,blame,/bleɪm/,v.,责备,5,动作
6,下,Recycle,criticize,/ˈkrɪtɪsaɪz/,v.,批评,5,动作
6,下,Recycle,complain,/kəmˈpleɪn/,v.,抱怨,5,动作
6,下,Recycle,satisfy,/ˈsætɪsfaɪ/,v.,使满意,5,动作
6,下,Recycle,disappoint,/ˌdɪsəˈpɔɪnt/,v.,使失望,5,动作
6,下,Recycle,surprise,/səˈpraɪz/,v.,使惊讶,5,动作
6,下,Recycle,shock,/ʃɒk/,v.,使震惊,5,动作
6,下,Recycle,amaze,/əˈmeɪz/,v.,使惊奇,5,动作
6,下,Recycle,confuse,/kənˈfjuːz/,v.,使困惑,5,动作
6,下,Recycle,embarrass,/ɪmˈbærəs/,v.,使尴尬,5,动作
6,下,Recycle,annoy,/əˈnɔɪ/,v.,使烦恼,5,动作
6,下,Recycle,comfort,/ˈkʌmfət/,v.,安慰,5,动作
6,下,Recycle,celebrate,/ˈselɪbreɪt/,v.,庆祝,5,动作
6,下,Recycle,congratulate,/kənˈɡrætʃuleɪt/,v.,祝贺,5,动作
6,下,Recycle,greet,/ɡriːt/,v.,问候,5,动作
6,下,Recycle,invite,/ɪnˈvaɪt/,v.,邀请,5,动作
6,下,Recycle,accept,/əkˈsept/,v.,接受,5,动作
6,下,Recycle,refuse,/rɪˈfjuːz/,v.,拒绝,5,动作
6,下,Recycle,reject,/rɪˈdʒekt/,v.,拒绝,5,动作
6,下,Recycle,deny,/dɪˈnaɪ/,v.,否认,5,动作
6,下,Recycle,admit,/ədˈmɪt/,v.,承认,5,动作
6,下,Recycle,confess,/kənˈfes/,v.,坦白,5,动作
6,下,Recycle,promise,/ˈprɒmɪs/,v.,承诺,5,动作
6,下,Recycle,guarantee,/ˌɡærənˈtiː/,v.,保证,5,动作
6,下,Recycle,ensure,/ɪnˈʃʊə(r)/,v.,确保,5,动作
6,下,Recycle,confirm,/kənˈfɜːm/,v.,确认,5,动作
6,下,Recycle,prove,/pruːv/,v.,证明,5,动作
6,下,Recycle,demonstrate,/ˈdemənstreɪt/,v.,证明,5,动作
6,下,Recycle,display,/dɪˈspleɪ/,v.,展示,5,动作
6,下,Recycle,exhibit,/ɪɡˈzɪbɪt/,v.,展览,5,动作
6,下,Recycle,perform,/pəˈfɔːm/,v.,表演,5,动作
6,下,Recycle,broadcast,/ˈbrɔːdkɑːst/,v.,广播,5,动作
6,下,Recycle,publish,/ˈpʌblɪʃ/,v.,出版,5,动作
6,下,Recycle,print,/prɪnt/,v.,印刷,5,动作
6,下,Recycle,copy,/ˈkɒpi/,v.,复印,5,动作
6,下,Recycle,download,/ˌdaʊnˈləʊd/,v.,下载,5,科技
6,下,Recycle,upload,/ˌʌpˈləʊd/,v.,上传,5,科技
6,下,Recycle,install,/ɪnˈstɔːl/,v.,安装,5,科技
6,下,Recycle,delete,/dɪˈliːt/,v.,删除,5,科技
6,下,Recycle,search,/sɜːtʃ/,v.,搜索,5,科技
6,下,Recycle,browse,/braʊz/,v.,浏览,5,科技
6,下,Recycle,click,/klɪk/,v.,点击,5,科技
6,下,Recycle,type,/taɪp/,v.,打字,5,科技
6,下,Recycle,program,/ˈprəʊɡræm/,v.,编程,5,科技
6,下,Recycle,connect,/kəˈnekt/,v.,连接,5,科技
6,下,Recycle,communicate,/kəˈmjuːnɪkeɪt/,v.,交流,5,科技
6,下,Recycle,post,/pəʊst/,v.,发布,5,科技
6,下,Recycle,comment,/ˈkɒment/,v.,评论,5,科技
6,下,Recycle,follow,/ˈfɒləʊ/,v.,关注,5,科技
6,下,Recycle,subscribe,/səbˈskraɪb/,v.,订阅,5,科技
6,下,Recycle,register,/ˈredʒɪstə(r)/,v.,注册,5,科技
6,下,Recycle,app,/æp/,n.,应用程序,5,科技
6,下,Recycle,file,/faɪl/,n.,文件,5,科技
6,下,Recycle,folder,/ˈfəʊldə(r)/,n.,文件夹,5,科技
6,下,Recycle,document,/ˈdɒkjumənt/,n.,文档,5,科技
6,下,Recycle,database,/ˈdeɪtəbeɪs/,n.,数据库,5,科技
6,下,Recycle,algorithm,/ˈælɡərɪðəm/,n.,算法,5,科技
6,下,Recycle,code,/kəʊd/,n.,代码,5,科技
6,下,Recycle,automatic,/ˌɔːtəˈmætɪk/,adj.,自动的,5,科技
6,下,Recycle,artificial,/ˌɑːtɪˈfɪʃl/,adj.,人工的,5,科技
6,下,Recycle,offline,/ˌɒfˈlaɪn/,adj.,离线的,5,科技
6,下,Recycle,mouse,/maʊs/,n.,鼠标,5,科技
6,下,Recycle,battery,/ˈbætri/,n.,电池,5,科技
6,下,Recycle,charger,/ˈtʃɑːdʒə(r)/,n.,充电器,5,科技
6,下,Recycle,cable,/ˈkeɪbl/,n.,电缆,5,科技
6,下,Recycle,signal,/ˈsɪɡnəl/,n.,信号,5,科技
6,下,Recycle,spreadsheet,/ˈspredʃiːt/,n.,电子表格,5,科技
6,下,Recycle,molecule,/ˈmɒlɪkjuːl/,n.,分子,5,自然
6,下,Recycle,carbon,/ˈkɑːbən/,n.,碳,5,自然
6,下,Recycle,physical,/ˈfɪzɪkl/,adj.,物理的,5,自然
6,下,Recycle,biological,/ˌbaɪəˈlɒdʒɪkl/,adj.,生物的,5,自然
6,下,Recycle,thermometer,/θəˈmɒmɪtə(r)/,n.,温度计,5,科技
6,下,Recycle,scale,/skeɪl/,n.,天平；刻度,5,科技
6,下,Recycle,vegetarian,/ˌvedʒəˈteəriən/,adj.,素食的,5,食物
6,下,Recycle,vegan,/ˈviːɡən/,adj.,纯素的,5,食物
6,下,Recycle,appetizing,/ˈæpɪtaɪzɪŋ/,adj.,开胃的,5,形容词
6,下,Recycle,wholesome,/ˈhəʊlsəm/,adj.,有益健康的,5,形容词
6,下,Recycle,crunchy,/ˈkrʌntʃi/,adj.,松脆的,5,形容词
6,下,Recycle,beetroot,/ˈbiːtruːt/,n.,甜菜,5,食物
6,下,Recycle,turnip,/ˈtɜːnɪp/,n.,芜菁,5,食物
6,下,Recycle,cashew,/ˈkæʃuː/,n.,腰果,5,食物
6,下,Recycle,blackberry,/ˈblækbəri/,n.,黑莓,5,水果
6,下,Recycle,rooster,/ˈruːstə(r)/,n.,公鸡,5,动物
6,下,Recycle,chick,/tʃɪk/,n.,小鸡,5,动物
6,下,Recycle,foal,/fəʊl/,n.,小马,5,动物
6,下,Recycle,calf,/kɑːf/,n.,小牛,5,动物
6,下,Recycle,piglet,/ˈpɪɡlət/,n.,小猪,5,动物
6,下,Recycle,guinea pig,/ˈɡɪni pɪɡ/,phr.,豚鼠,5,动物
6,下,Recycle,raccoon,/rəˈkuːn/,n.,浣熊,5,动物
6,下,Recycle,toad,/təʊd/,n.,蟾蜍,5,动物
6,下,Recycle,jellyfish,/ˈdʒelɪfɪʃ/,n.,水母,5,动物
6,下,Recycle,fly,/flaɪ/,n.,苍蝇,5,动物
6,下,Recycle,underwear,/ˈʌndəweə(r)/,n.,内衣,5,衣物
6,下,Recycle,dot,/dɒt/,n.,点,5,常用词
6,下,Recycle,plain,/pleɪn/,adj.,素色的,5,形容词
6,下,Recycle,fancy,/ˈfænsi/,adj.,花哨的,5,形容词
6,下,Recycle,matte,/mæt/,adj.,哑光的,5,形容词
6,下,Recycle,glossy,/ˈɡlɒsi/,adj.,有光泽的,5,形容词
6,下,Recycle,diagonal,/daɪˈæɡənl/,adj.,对角的,5,形容词
6,下,Recycle,interested,/ˈɪntrəstɪd/,adj.,感兴趣的,5,情感
6,下,Recycle,proud,/praʊd/,adj.,骄傲的,5,情感
6,下,Recycle,careful,/ˈkeəfl/,adj.,仔细的,5,形容词
6,下,Recycle,creative,/kriˈeɪtɪv/,adj.,创造性的,5,形容词
6,下,Recycle,traditional,/trəˈdɪʃənl/,adj.,传统的,5,形容词
6,下,Recycle,modern,/ˈmɒdn/,adj.,现代的,5,形容词
6,下,Recycle,ancient,/ˈeɪnʃənt/,adj.,古代的,5,形容词
6,下,Recycle,common,/ˈkɒmən/,adj.,常见的,5,形容词
6,下,Recycle,normal,/ˈnɔːml/,adj.,正常的,5,形容词
6,下,Recycle,typical,/ˈtɪpɪkl/,adj.,典型的,5,形容词
6,下,Recycle,regular,/ˈreɡjələ(r)/,adj.,有规律的,5,形容词
6,下,Recycle,slow,/sləʊ/,adj.,缓慢的,5,形容词
6,下,Recycle,late,/leɪt/,adj.,晚的,5,形容词
6,下,Recycle,early,/ˈɜːli/,adj.,早的,5,形容词
6,下,Recycle,monthly,/ˈmʌnθli/,adj.,每月的,5,时间
6,下,Recycle,weekly,/ˈwiːkli/,adj.,每周的,5,时间
6,下,Recycle,always,/ˈɔːlweɪz/,adv.,总是,5,时间
6,下,Recycle,usually,/ˈjuːʒuəli/,adv.,通常,5,时间
6,下,Recycle,often,/ˈɒfn/,adv.,经常,5,时间
6,下,Recycle,sometimes,/ˈsʌmtaɪmz/,adv.,有时,5,时间
6,下,Recycle,never,/ˈnevə(r)/,adv.,从不,5,时间
6,下,Recycle,once,/wʌns/,adv.,曾经,5,时间
6,下,Recycle,now,/naʊ/,adv.,现在,5,时间
6,下,Recycle,then,/ðen/,adv.,那时,5,时间
6,下,Recycle,soon,/suːn/,adv.,很快,5,时间
6,下,Recycle,later,/ˈleɪtə(r)/,adv.,后来,5,时间
6,下,Recycle,still,/stɪl/,adv.,仍然,5,时间
6,下,Recycle,during,/ˈdjʊərɪŋ/,prep.,在……期间,5,时间
6,下,Recycle,before,/bɪˈfɔː(r)/,prep.,在……之前,5,时间
6,下,Recycle,after,/ˈɑːftə(r)/,prep.,在……之后,5,时间
6,下,Recycle,for,/fɔː(r)/,prep.,持续,5,时间
6,下,Recycle,by,/baɪ/,prep.,到……为止,5,时间
6,下,Recycle,until,/ənˈtɪl/,prep.,直到,5,时间
6,下,Recycle,from,/frəm/,prep.,从,5,时间
6,下,Recycle,to,/tuː/,prep.,到,5,时间
6,下,Recycle,between,/bɪˈtwiːn/,prep.,在……之间,5,时间
6,下,Recycle,among,/əˈmʌŋ/,prep.,在……之中,5,方位
6,下,Recycle,through,/θruː/,prep.,穿过,5,方位
6,下,Recycle,across,/əˈkrɒs/,prep.,横过,5,方位
6,下,Recycle,along,/əˈlɒŋ/,prep.,沿着,5,方位
6,下,Recycle,around,/əˈraʊnd/,prep.,围绕,5,方位
6,下,Recycle,toward,/təˈwɔːd/,prep.,朝向,5,方位
6,下,Recycle,above,/əˈbʌv/,prep.,在……上方,5,方位
6,下,Recycle,under,/ˈʌndə(r)/,prep.,在……下面,5,方位
6,下,Recycle,behind,/bɪˈhaɪnd/,prep.,在……后面,5,方位
6,下,Recycle,beside,/bɪˈsaɪd/,prep.,在……旁边,5,方位
6,下,Recycle,with,/wɪð/,prep.,和,5,介词
6,下,Recycle,without,/wɪˈðaʊt/,prep.,没有,5,介词
6,下,Recycle,about,/əˈbaʊt/,prep.,关于,5,介词
6,下,Recycle,regarding,/rɪˈɡɑːdɪŋ/,prep.,关于,5,介词
6,下,Recycle,concerning,/kənˈsɜːnɪŋ/,prep.,关于,5,介词
6,下,Recycle,like,/laɪk/,prep.,像,5,介词
6,下,Recycle,and,/ænd/,conj.,和,5,连词
6,下,Recycle,but,/bʌt/,conj.,但是,5,连词
6,下,Recycle,or,/ɔː(r)/,conj.,或者,5,连词
6,下,Recycle,nor,/nɔː(r)/,conj.,也不,5,连词
6,下,Recycle,so,/səʊ/,conj.,所以,5,连词
6,下,Recycle,because,/bɪˈkɒz/,conj.,因为,5,连词
6,下,Recycle,since,/sɪns/,conj.,既然,5,连词
6,下,Recycle,as,/æz/,conj.,由于,5,连词
6,下,Recycle,if,/ɪf/,conj.,如果,5,连词
6,下,Recycle,whether,/ˈweðə(r)/,conj.,是否,5,连词
6,下,Recycle,that,/ðæt/,conj.,那个,5,连词
6,下,Recycle,although,/ɔːlˈðəʊ/,conj.,虽然,5,连词
6,下,Recycle,though,/ðəʊ/,conj.,虽然,5,连词
6,下,Recycle,while,/waɪl/,conj.,然而,5,连词
6,下,Recycle,whereas,/weərˈæz/,conj.,然而,5,连词
6,下,Recycle,unless,/ənˈles/,conj.,除非,5,连词
6,下,Recycle,however,/haʊˈevə(r)/,adv.,然而,5,连词
6,下,Recycle,therefore,/ˈðeəfɔː(r)/,adv.,因此,5,连词
6,下,Recycle,thus,/ðʌs/,adv.,因此,5,连词
6,下,Recycle,hence,/hens/,adv.,因此,5,连词
6,下,Recycle,consequently,/ˈkɒnsɪkwəntli/,adv.,因此,5,连词
6,下,Recycle,nevertheless,/ˌnevəðəˈles/,adv.,然而,5,连词
6,下,Recycle,nonetheless,/ˌnʌnðəˈles/,adv.,然而,5,连词
6,下,Recycle,instead,/ɪnˈsted/,adv.,反而,5,连词
6,下,Recycle,otherwise,/ˈʌðəwaɪz/,adv.,否则,5,连词
6,下,Recycle,moreover,/mɔːrˈəʊvə(r)/,adv.,此外,5,副词
6,下,Recycle,furthermore,/ˌfɜːðəˈmɔː(r)/,adv.,此外,5,副词
6,下,Recycle,besides,/bɪˈsaɪdz/,adv.,此外,5,副词
6,下,Recycle,also,/ˈɔːlsəʊ/,adv.,也,5,副词
6,下,Recycle,too,/tuː/,adv.,也,5,副词
6,下,Recycle,as well,/æz wel/,phr.,也,5,副词
6,下,Recycle,actually,/ˈæktʃuəli/,adv.,实际上,5,副词
6,下,Recycle,really,/ˈriːəli/,adv.,真正地,5,副词
6,下,Recycle,truly,/ˈtruːli/,adv.,真正地,5,副词
6,下,Recycle,honestly,/ˈɒnɪstli/,adv.,老实说,5,副词
6,下,Recycle,frankly,/ˈfræŋkli/,adv.,坦率地,5,副词
6,下,Recycle,generally,/ˈdʒenrəli/,adv.,通常,5,副词
6,下,Recycle,normally,/ˈnɔːməli/,adv.,通常,5,副词
6,下,Recycle,typically,/ˈtɪpɪkli/,adv.,通常,5,副词
6,下,Recycle,commonly,/ˈkɒmənli/,adv.,通常,5,副词
6,下,Recycle,frequently,/ˈfriːkwəntli/,adv.,频繁地,5,副词
6,下,Recycle,regularly,/ˈreɡjələli/,adv.,定期地,5,副词
6,下,Recycle,constantly,/ˈkɒnstəntli/,adv.,不断地,5,副词
6,下,Recycle,continually,/kənˈtɪnjuəli/,adv.,持续地,5,副词
6,下,Recycle,repeatedly,/rɪˈpiːtɪdli/,adv.,反复地,5,副词
6,下,Recycle,again,/əˈɡen/,adv.,再,5,副词
6,下,Recycle,twice,/twaɪs/,adv.,两次,5,副词
6,下,Recycle,especially,/ɪˈspeʃəli/,adv.,尤其,5,副词
6,下,Recycle,probably,/ˈprɒbəbli/,adv.,大概,5,副词
6,下,Recycle,certainly,/ˈsɜːtnli/,adv.,当然,5,副词
6,下,Recycle,already,/ɔːlˈredi/,adv.,已经,5,副词
6,下,Recycle,recently,/ˈriːsntli/,adv.,最近,5,副词
6,下,Recycle,immediately,/ɪˈmiːdiətli/,adv.,立即,5,副词
6,下,Recycle,gradually,/ˈɡrædʒuəli/,adv.,逐渐地,5,副词
6,下,Recycle,finally,/ˈfaɪnəli/,adv.,最后,5,副词
6,下,Recycle,suddenly,/ˈsʌdnli/,adv.,突然,5,副词
6,下,Recycle,luckily,/ˈlʌkɪli/,adv.,幸运地,5,副词
6,下,Recycle,carefully,/ˈkeəfəli/,adv.,仔细地,5,副词
6,下,Recycle,quickly,/ˈkwɪkli/,adv.,快速地,5,副词
6,下,Recycle,slowly,/ˈsləʊli/,adv.,缓慢地,5,副词
6,下,Recycle,loudly,/ˈlaʊdli/,adv.,大声地,5,副词
6,下,Recycle,quietly,/ˈkwaɪətli/,adv.,安静地,5,副词
6,下,Recycle,hard,/hɑːd/,adv.,努力地,5,副词
6,下,Recycle,well,/wel/,adv.,好,5,副词
6,下,Recycle,badly,/ˈbædli/,adv.,糟糕地,5,副词
6,下,Recycle,together,/təˈɡeðə(r)/,adv.,一起,5,副词
6,下,Recycle,alone,/əˈləʊn/,adv.,独自,5,副词
6,下,Recycle,abroad,/əˈbrɔːd/,adv.,在国外,5,旅行
6,下,Recycle,meanwhile,/ˈmiːnwaɪl/,adv.,同时,5,时间
6,下,Recycle,nowadays,/ˈnaʊədeɪz/,adv.,如今,5,时间
6,下,Recycle,what,/wɒt/,pron.,什么,5,疑问词
6,下,Recycle,who,/huː/,pron.,谁,5,疑问词
6,下,Recycle,which,/wɪtʃ/,pron.,哪个,5,疑问词
6,下,Recycle,how,/haʊ/,adv.,怎样,5,疑问词
6,下,Recycle,when,/wen/,adv.,什么时候,5,疑问词
6,下,Recycle,where,/weə(r)/,adv.,在哪里,5,疑问词
6,下,Recycle,why,/waɪ/,adv.,为什么,5,疑问词